JD,Date,AnchorFilter,MatchKind,K_JD,K_Date,K_Mag,K_Magerr,K_Lambda,K_ZP,K_Flag,K_Interpolated,H_JD,H_Date,H_Mag,H_Magerr,H_Lambda,H_ZP,H_Flag,H_Interpolated
2443916.5,1979-2-12,K,same_jd,2443916.5,1979-2-12,8.18,0.015,2.2,620.0,1,no,2443916.5,1979-2-12,10.01,0.019,1.6,1020.0,1,no
2444098.5,1979-8-13,K,same_jd,2444098.5,1979-8-13,8.19,0.01,2.2,620.0,1,no,2444098.5,1979-8-13,9.87,0.03,1.65,980.0,1,no
2444628.5,1981-1-24,K,same_jd,2444628.5,1981-1-24,8.45,0.04,2.2,620.0,1,no,2444628.5,1981-1-24,8.78,0.13,1.65,980.0,1,no
2445450.5,1983-4-26,K,same_jd,2445450.5,1983-4-26,7.615,0.055,2.2,620.0,1,no,2445450.5,1983-4-26,8.8,0.06,1.65,980.0,1,no
2445465.5,1983-5-11,K,same_jd,2445465.5,1983-5-11,7.56,0.1,2.2,620.0,1,no,2445465.5,1983-5-11,8.65,0.1,1.65,980.0,1,no
2445597.5,1983-9-20,K,same_jd,2445597.5,1983-9-20,7.66,0.1,2.2,620.0,1,no,2445597.5,1983-9-20,8.67,0.1,1.65,980.0,1,no
2445599.5,1983-9-22,K,same_jd,2445599.5,1983-9-22,7.7,0.1,2.2,620.0,1,no,2445599.5,1983-9-22,8.73,0.1,1.65,980.0,1,no
2445631.5,1983-10-24,K,same_jd,2445631.5,1983-10-24,7.61,0.1,2.2,620.0,1,no,2445631.5,1983-10-24,8.68,0.1,1.65,980.0,1,no
2446081.5,1985-1-16,K,same_jd,2446081.5,1985-1-16,7.79,0.1,2.2,620.0,1,no,2446081.5,1985-1-16,8.73,0.1,1.65,980.0,1,no
2446098.5,1985-2-2,K,same_jd,2446098.5,1985-2-2,7.73,0.03,2.2,620.0,1,no,2446098.5,1985-2-2,8.79,0.03,1.65,980.0,1,no
2446201.5,1985-5-16,K,same_jd,2446201.5,1985-5-16,7.77,0.1,2.2,620.0,1,no,2446201.5,1985-5-16,8.78,0.1,1.65,980.0,1,no
2446481.5,1986-2-20,K,same_jd,2446481.5,1986-2-20,7.75,0.01,2.2,620.0,1,no,2446481.5,1986-2-20,8.8,0.01,1.65,980.0,1,no
2447286.5,1988-5-5,K,same_jd,2447286.5,1988-5-5,7.51,0.01,2.2,620.0,1,no,2447286.5,1988-5-5,8.64,0.01,1.65,980.0,1,no
2447328.5,1988-6-16,K,same_jd,2447328.5,1988-6-16,7.48,0.1,2.2,620.0,1,no,2447328.5,1988-6-16,8.57,0.1,1.65,980.0,1,no
2447576.5,1989-2-19,K,same_jd,2447576.5,1989-2-19,7.31,0.01,2.2,620.0,1,no,2447576.5,1989-2-19,8.75,0.01,1.65,980.0,1,no
2447616.5,1989-3-31,K,same_jd,2447616.5,1989-3-31,7.34,0.01,2.2,620.0,1,no,2447616.5,1989-3-31,8.9,0.02,1.65,980.0,1,no
2447630.5,1989-4-14,K,same_jd,2447630.5,1989-4-14,7.29,0.03,2.2,620.0,1,no,2447630.5,1989-4-14,8.77,0.03,1.6,1020.0,1,no
2448284.5,1991-1-28,K,same_jd,2448284.5,1991-1-28,7.01,0.01,2.2,620.0,1,no,2448284.5,1991-1-28,8.39,0.01,1.65,980.0,1,no
2448309.5,1991-2-22,K,same_jd,2448309.5,1991-2-22,7.14,0.02,2.2,620.0,1,no,2448309.5,1991-2-22,8.59,0.02,1.65,980.0,1,no
2448310.5,1991-2-23,K,same_jd,2448310.5,1991-2-23,7.21,0.01,2.2,620.0,1,no,2448310.5,1991-2-23,8.7,0.01,1.65,980.0,1,no
2448314.5,1991-2-27,K,same_jd,2448314.5,1991-2-27,7.24,0.01,2.2,620.0,1,no,2448314.5,1991-2-27,8.72,0.02,1.65,980.0,1,no
2448518.5,1991-9-19,K,same_jd,2448518.5,1991-9-19,7.26,0.03,2.2,620.0,1,no,2448518.5,1991-9-19,9.08,0.03,1.65,980.0,1,no
2448642.5,1992-1-21,K,same_jd,2448642.5,1992-1-21,6.95,0.01,2.2,620.0,1,no,2448642.5,1992-1-21,8.56,0.01,1.65,980.0,1,no
2448756.5,1992-5-14,K,same_jd,2448756.5,1992-5-14,6.86,0.01,2.18,653.0,1,no,2448756.5,1992-5-14,8.46,0.01,1.64,1074.0,1,no
2448881.5,1992-9-16,K,same_jd,2448881.5,1992-9-16,7.15,0.01,2.2,620.0,1,no,2448881.5,1992-9-16,8.84,0.01,1.65,980.0,1,no
2449182.5,1993-7-14,K,same_jd,2449182.5,1993-7-14,7.1,0.02,2.2,620.0,1,no,2449182.5,1993-7-14,8.54,0.02,1.65,980.0,1,no
2451319.5,1999-5-21,K,same_jd,2451319.5,1999-5-21,7.176,0.021,2.159,666.8,1,no,2451319.5,1999-5-21,8.599,0.031,1.662,1024.0,1,no
2453154.5,2004-5-29,K,same_jd,2453154.5,2004-5-29,7.21,0.08,2.2,620.0,1,no,2453154.5,2004-5-29,8.64,0.07,1.635,1040.0,1,no
2454567.5,2008-4-11,K,same_jd,2454567.5,2008-4-11,8.16,0.14,2.159,666.8,1,no,2454567.5,2008-4-11,10.11,0.09,1.662,1024.0,1,no
2455271.5,2010-3-16,K,same_jd,2455271.5,2010-3-16,12.273,0.07,2.159,666.8,1,no,2455271.5,2010-3-16,15.087,0.09,1.662,1024.0,1,no
2455379.5,2010-7-2,K,same_jd,2455379.5,2010-7-2,12.66,0.09,2.159,666.8,1,no,2455379.5,2010-7-2,15.86,0.22,1.662,1024.0,1,no
2457209.5,2015-7-6,K,same_jd,2457209.5,2015-7-6,10.392,0.0,2.159,666.8,1,no,2457209.5,2015-7-6,12.827,0.0,1.662,1024.0,1,no
2457219.5,2015-7-16,K,same_jd,2457219.5,2015-7-16,10.181,0.045,2.159,666.8,1,no,2457219.5,2015-7-16,12.671,0.091,1.662,1024.0,1,no
2457224.5,2015-7-21,K,neighbour,2457224.5,2015-7-21,10.32,0.054,2.159,666.8,1,no,2457226.5,2015-7-23,12.938,0.0,1.662,1024.0,1,no
2457226.5,2015-7-23,K,same_jd,2457226.5,2015-7-23,10.509,0.0,2.159,666.8,1,no,2457226.5,2015-7-23,12.938,0.0,1.662,1024.0,1,no
2457546.5,2016-6-7,K,same_jd,2457546.5,2016-6-7,10.269,0.01,2.159,666.8,1,no,2457546.5,2016-6-7,12.698,0.008,1.662,1024.0,1,no
2457610.5,2016-8-10,K,same_jd,2457610.5,2016-8-10,9.853,0.014,2.159,666.8,1,no,2457610.5,2016-8-10,12.299,0.006,1.662,1024.0,1,no
2457626.5,2016-8-26,K,same_jd,2457626.5,2016-8-26,9.92,0.02,2.159,666.8,1,no,2457626.5,2016-8-26,12.26,0.02,1.662,1024.0,1,no
2457786.5,2017-2-2,K,same_jd,2457786.5,2017-2-2,10.278,0.01,2.159,666.8,1,no,2457786.5,2017-2-2,12.929,0.012,1.662,1024.0,1,no
2457815.5,2017-3-3,K,same_jd,2457815.5,2017-3-3,10.257,0.008,2.159,666.8,1,no,2457815.5,2017-3-3,12.895,0.008,1.662,1024.0,1,no
2457846.5,2017-4-3,K,same_jd,2457846.5,2017-4-3,10.299,0.004,2.159,666.8,1,no,2457846.5,2017-4-3,12.861,0.006,1.662,1024.0,1,no
2457876.5,2017-5-3,K,same_jd,2457876.5,2017-5-3,10.266,0.027,2.159,666.8,1,no,2457876.5,2017-5-3,12.763,0.006,1.662,1024.0,1,no
2457908.5,2017-6-4,K,same_jd,2457908.5,2017-6-4,10.048,0.012,2.159,666.8,1,no,2457908.5,2017-6-4,12.534,0.013,1.662,1024.0,1,no
2457941.5,2017-7-7,K,neighbour,2457941.5,2017-7-7,10.39,0.01,2.159,666.8,1,no,2457942.5,2017-7-8,12.79,0.006,1.662,1024.0,1,no
2457942.5,2017-7-8,K,same_jd,2457942.5,2017-7-8,10.379,0.007,2.159,666.8,1,no,2457942.5,2017-7-8,12.79,0.006,1.662,1024.0,1,no
2457943.5,2017-7-9,K,neighbour,2457943.5,2017-7-9,10.15,0.01,2.159,666.8,1,no,2457942.5,2017-7-8,12.79,0.006,1.662,1024.0,1,no
2457971.5,2017-8-6,K,same_jd,2457971.5,2017-8-6,10.557,0.007,2.159,666.8,1,no,2457971.5,2017-8-6,12.958,0.009,1.662,1024.0,1,no
2458002.5,2017-9-6,K,same_jd,2458002.5,2017-9-6,10.555,0.017,2.159,666.8,1,no,2458002.5,2017-9-6,12.985,0.009,1.662,1024.0,1,no
2458032.5,2017-10-6,K,same_jd,2458032.5,2017-10-6,10.397,0.008,2.159,666.8,1,no,2458032.5,2017-10-6,12.82,0.014,1.662,1024.0,1,no
2458151.5,2018-2-2,K,same_jd,2458151.5,2018-2-2,10.158,0.006,2.159,666.8,1,no,2458151.5,2018-2-2,12.541,0.007,1.662,1024.0,1,no
2458179.5,2018-3-2,K,same_jd,2458179.5,2018-3-2,9.894,0.008,2.159,666.8,1,no,2458179.5,2018-3-2,12.249,0.008,1.662,1024.0,1,no
2458208.5,2018-3-31,K,neighbour,2458208.5,2018-3-31,9.51,0.01,2.159,666.8,1,no,2458210.5,2018-4-2,12.175,0.006,1.662,1024.0,1,no
2458210.5,2018-4-2,K,same_jd,2458210.5,2018-4-2,9.777,0.007,2.159,666.8,1,no,2458210.5,2018-4-2,12.175,0.006,1.662,1024.0,1,no
2458240.5,2018-5-2,K,same_jd,2458240.5,2018-5-2,9.944,0.006,2.159,666.8,1,no,2458240.5,2018-5-2,12.374,0.01,1.662,1024.0,1,no
2458271.5,2018-6-2,K,same_jd,2458271.5,2018-6-2,9.703,0.007,2.159,666.8,1,no,2458271.5,2018-6-2,12.203,0.009,1.662,1024.0,1,no
2458309.5,2018-7-10,K,same_jd,2458309.5,2018-7-10,9.47,0.005,2.159,666.8,1,no,2458309.5,2018-7-10,12.058,0.006,1.662,1024.0,1,no
2458338.5,2018-8-8,K,same_jd,2458338.5,2018-8-8,9.675,0.009,2.159,666.8,1,no,2458338.5,2018-8-8,12.409,0.012,1.662,1024.0,1,no
2458406.5,2018-10-15,K,same_jd,2458406.5,2018-10-15,9.9,0.009,2.159,666.8,1,no,2458406.5,2018-10-15,12.776,0.012,1.662,1024.0,1,no
2458521.5,2019-2-7,K,same_jd,2458521.5,2019-2-7,9.027,0.012,2.159,666.8,1,no,2458521.5,2019-2-7,11.953,0.006,1.662,1024.0,1,no
2458549.5,2019-3-7,K,same_jd,2458549.5,2019-3-7,8.703,0.005,2.159,666.8,1,no,2458549.5,2019-3-7,11.655,0.006,1.662,1024.0,1,no
2458580.5,2019-4-7,K,same_jd,2458580.5,2019-4-7,8.799,0.015,2.159,666.8,1,no,2458580.5,2019-4-7,11.747,0.008,1.662,1024.0,1,no
2458611.5,2019-5-8,K,same_jd,2458611.5,2019-5-8,8.679,0.014,2.159,666.8,1,no,2458611.5,2019-5-8,11.628,0.007,1.662,1024.0,1,no
2458643.5,2019-6-9,K,same_jd,2458643.5,2019-6-9,8.747,0.011,2.159,666.8,1,no,2458643.5,2019-6-9,11.744,0.011,1.662,1024.0,1,no
2458674.5,2019-7-10,K,same_jd,2458674.5,2019-7-10,8.579,0.005,2.159,666.8,1,no,2458674.5,2019-7-10,11.557,0.004,1.662,1024.0,1,no
2459310.5,2021-4-6,K,same_jd,2459310.5,2021-4-6,7.881,0.016,2.159,666.8,1,no,2459310.5,2021-4-6,10.371,0.023,1.662,1024.0,1,no
2459340.5,2021-5-6,K,same_jd,2459340.5,2021-5-6,7.518,0.013,2.159,666.8,1,no,2459340.5,2021-5-6,9.551,0.043,1.662,1024.0,1,no
2459370.5,2021-6-5,K,same_jd,2459370.5,2021-6-5,7.137,0.015,2.159,666.8,1,no,2459370.5,2021-6-5,9.07,0.015,1.662,1024.0,1,no
2459401.5,2021-7-6,K,same_jd,2459401.5,2021-7-6,7.105,0.011,2.159,666.8,1,no,2459401.5,2021-7-6,8.952,0.033,1.662,1024.0,1,no
2459431.5,2021-8-5,K,same_jd,2459431.5,2021-8-5,7.075,0.012,2.159,666.8,1,no,2459431.5,2021-8-5,8.871,0.059,1.662,1024.0,1,no
2460147.5,2023-7-22,K,same_jd,2460147.5,2023-7-22,7.573,0.006,2.159,666.8,1,no,2460147.5,2023-7-22,9.911,0.0,1.662,1024.0,1,no
2460188.5,2023-9-1,K,same_jd,2460188.5,2023-9-1,7.173,0.008,2.159,666.8,1,no,2460188.5,2023-9-1,9.702,0.007,1.662,1024.0,1,no
2460364.5,2024-2-24,K,same_jd,2460364.5,2024-2-24,7.974,0.0,2.159,666.8,1,no,2460364.5,2024-2-24,10.285,0.0,1.662,1024.0,1,no
2460365.5,2024-2-25,H,neighbour,2460364.5,2024-2-24,7.974,0.0,2.159,666.8,1,no,2460365.5,2024-2-25,10.312,0.018,1.662,1024.0,1,no
2460545.5,2024-8-23,K,same_jd,2460545.5,2024-8-23,7.099,0.016,2.159,666.8,1,no,2460545.5,2024-8-23,9.152,0.01,1.662,1024.0,1,no
2460566.5,2024-9-13,K,same_jd,2460566.5,2024-9-13,7.415,0.0,2.159,666.8,1,no,2460566.5,2024-9-13,9.411,0.0,1.662,1024.0,1,no
2460575.5,2024-9-22,K,same_jd,2460575.5,2024-9-22,7.195,0.009,2.159,666.8,1,no,2460575.5,2024-9-22,9.162,0.007,1.662,1024.0,1,no
2460594.5,2024-10-11,K,same_jd,2460594.5,2024-10-11,7.284,0.0,2.159,666.8,1,no,2460594.5,2024-10-11,9.064,0.0,1.662,1024.0,1,no
2460737.5,2025-3-3,K,same_jd,2460737.5,2025-3-3,6.674,0.006,2.159,666.8,1,no,2460737.5,2025-3-3,8.325,0.004,1.662,1024.0,1,no
2460766.5,2025-4-1,K,same_jd,2460766.5,2025-4-1,6.681,0.005,2.159,666.8,1,no,2460766.5,2025-4-1,8.289,0.004,1.662,1024.0,1,no
2460781.5,2025-4-16,K,same_jd,2460781.5,2025-4-16,6.688,0.005,2.159,666.8,1,no,2460781.5,2025-4-16,8.199,0.005,1.662,1024.0,1,no
2460812.5,2025-5-17,K,same_jd,2460812.5,2025-5-17,7.038,0.005,2.159,666.8,1,no,2460812.5,2025-5-17,8.834,0.005,1.662,1024.0,1,no
2460816.5,2025-5-21,K,same_jd,2460816.5,2025-5-21,7.103,0.004,2.159,666.8,1,no,2460816.5,2025-5-21,8.81,0.004,1.662,1024.0,1,no
2460840.5,2025-6-14,K,same_jd,2460840.5,2025-6-14,7.326,0.006,2.159,666.8,1,no,2460840.5,2025-6-14,9.519,0.007,1.662,1024.0,1,no
2460847.5,2025-6-21,K,same_jd,2460847.5,2025-6-21,7.309,0.006,2.159,666.8,1,no,2460847.5,2025-6-21,9.449,0.006,1.662,1024.0,1,no
2460856.5,2025-6-30,K,same_jd,2460856.5,2025-6-30,6.822,0.004,2.159,666.8,1,no,2460856.5,2025-6-30,9.063,0.004,1.662,1024.0,1,no
2460858.5,2025-7-2,K,same_jd,2460858.5,2025-7-2,7.265,0.004,2.159,666.8,1,no,2460858.5,2025-7-2,9.404,0.005,1.662,1024.0,1,no
2460861.5,2025-7-5,K,same_jd,2460861.5,2025-7-5,6.935,0.003,2.159,666.8,1,no,2460861.5,2025-7-5,9.117,0.003,1.662,1024.0,1,no
2461102.5,2026-3-3,K,same_jd,2461102.5,2026-3-3,7.33,0.033,2.159,666.8,1,no,2461102.5,2026-3-3,9.168,0.033,1.662,1024.0,1,no
2461165.5,2026-5-5,K,same_jd,2461165.5,2026-5-5,7.184,0.003,2.159,666.8,1,no,2461165.5,2026-5-5,9.525,0.004,1.662,1024.0,1,no
2461222.5,2026-7-1,K,same_jd,2461222.5,2026-7-1,6.982,0.003,2.159,666.8,1,no,2461222.5,2026-7-1,9.872,0.003,1.662,1024.0,1,no
2461225.5,2026-7-4,K,same_jd,2461225.5,2026-7-4,7.133,0.003,2.159,666.8,1,no,2461225.5,2026-7-4,9.296,0.003,1.662,1024.0,1,no
