JD,Date,AnchorFilter,MatchKind,I_JD,I_Date,I_Mag,I_Magerr,I_Lambda,I_ZP,I_Flag,I_Interpolated,J_JD,J_Date,J_Mag,J_Magerr,J_Lambda,J_ZP,J_Flag,J_Interpolated
2450996.5,1998-7-2,I,same_jd,2450996.5,1998-7-2,13.412,0.02,0.788,2499.0,1,no,2450996.5,1998-7-2,10.301,0.04,1.221,1595.0,1,no
2457846.5,2017-4-3,I,same_jd,2457846.5,2017-4-3,19.569,0.129,0.801,2408.32,1,no,2457846.5,2017-4-3,15.192,0.008,1.235,1594.0,1,no
2457909.5,2017-6-5,I,neighbour,2457909.5,2017-6-5,19.16,0.174,0.801,2408.32,1,no,2457908.5,2017-6-4,14.818,0.015,1.235,1594.0,1,no
2458548.5,2019-3-6,I,neighbour,2458548.5,2019-3-6,18.143,0.036,0.801,2408.32,1,no,2458549.5,2019-3-7,14.251,0.007,1.235,1594.0,1,no
2460145.5,2023-7-20,I,neighbour,2460145.5,2023-7-20,18.651,0.056,0.801,2408.32,1,no,2460147.5,2023-7-22,13.077,0.015,1.235,1594.0,1,no
2460187.5,2023-8-31,I,neighbour,2460187.5,2023-8-31,18.816,0.092,0.801,2408.32,1,no,2460188.5,2023-9-1,12.781,0.01,1.235,1594.0,1,no
2460364.5,2024-2-24,I,same_jd,2460364.5,2024-2-24,18.334,0.067,0.801,2408.32,1,no,2460364.5,2024-2-24,13.414,0.0,1.235,1594.0,1,no
2460365.5,2024-2-25,I,neighbour,2460365.5,2024-2-25,18.361,0.068,0.801,2408.32,1,no,2460364.5,2024-2-24,13.414,0.0,1.235,1594.0,1,no
2460366.5,2024-2-26,I,neighbour,2460366.5,2024-2-26,18.306,0.056,0.801,2408.32,1,no,2460364.5,2024-2-24,13.414,0.0,1.235,1594.0,1,no
2460544.5,2024-8-22,I,neighbour,2460544.5,2024-8-22,16.591,0.015,0.801,2408.32,1,no,2460545.5,2024-8-23,11.71,0.014,1.235,1594.0,1,no
2460547.5,2024-8-25,I,neighbour,2460547.5,2024-8-25,16.29,0.013,0.801,2408.32,1,no,2460545.5,2024-8-23,11.71,0.014,1.235,1594.0,1,no
2460566.5,2024-9-13,I,same_jd,2460566.5,2024-9-13,16.65,0.021,0.801,2408.32,1,no,2460566.5,2024-9-13,12.152,0.0,1.235,1594.0,1,no
2460736.5,2025-3-2,I,neighbour,2460736.5,2025-3-2,13.865,0.003,0.801,2408.32,1,no,2460737.5,2025-3-3,9.959,0.005,1.235,1594.0,1,no
2460739.5,2025-3-5,I,neighbour,2460739.5,2025-3-5,13.963,0.003,0.801,2408.32,1,no,2460737.5,2025-3-3,9.959,0.005,1.235,1594.0,1,no
2460766.5,2025-4-1,I,same_jd,2460766.5,2025-4-1,13.776,0.003,0.801,2408.32,1,no,2460766.5,2025-4-1,9.972,0.004,1.235,1594.0,1,no
2460768.5,2025-4-3,I,neighbour,2460768.5,2025-4-3,13.732,0.003,0.801,2408.32,1,no,2460766.5,2025-4-1,9.972,0.004,1.235,1594.0,1,no
2460815.5,2025-5-20,I,neighbour,2460815.5,2025-5-20,15.015,0.005,0.801,2408.32,1,no,2460816.5,2025-5-21,10.839,0.003,1.235,1594.0,1,no
2460817.5,2025-5-22,I,neighbour,2460817.5,2025-5-22,15.152,0.005,0.801,2408.32,1,no,2460816.5,2025-5-21,10.839,0.003,1.235,1594.0,1,no
