JD,Date,AnchorFilter,MatchKind,J_JD,J_Date,J_Mag,J_Magerr,J_Lambda,J_ZP,J_Flag,J_Interpolated,K_JD,K_Date,K_Mag,K_Magerr,K_Lambda,K_ZP,K_Flag,K_Interpolated
2443916.5,1979-2-12,J,same_jd,2443916.5,1979-2-12,12.2,0.019,1.2,1600.0,1,no,2443916.5,1979-2-12,8.18,0.015,2.2,620.0,1,no
2444098.5,1979-8-13,J,same_jd,2444098.5,1979-8-13,11.96,0.08,1.25,1650.0,1,no,2444098.5,1979-8-13,8.19,0.01,2.2,620.0,1,no
2445450.5,1983-4-26,J,same_jd,2445450.5,1983-4-26,10.075,0.065,1.25,1650.0,1,no,2445450.5,1983-4-26,7.615,0.055,2.2,620.0,1,no
2445465.5,1983-5-11,J,same_jd,2445465.5,1983-5-11,9.97,0.1,1.25,1650.0,1,no,2445465.5,1983-5-11,7.56,0.1,2.2,620.0,1,no
2445597.5,1983-9-20,J,same_jd,2445597.5,1983-9-20,10.08,0.1,1.25,1650.0,1,no,2445597.5,1983-9-20,7.66,0.1,2.2,620.0,1,no
2445599.5,1983-9-22,J,same_jd,2445599.5,1983-9-22,10.12,0.1,1.25,1650.0,1,no,2445599.5,1983-9-22,7.7,0.1,2.2,620.0,1,no
2445631.5,1983-10-24,J,same_jd,2445631.5,1983-10-24,9.99,0.1,1.25,1650.0,1,no,2445631.5,1983-10-24,7.61,0.1,2.2,620.0,1,no
2446081.5,1985-1-16,J,same_jd,2446081.5,1985-1-16,10.01,0.1,1.25,1650.0,1,no,2446081.5,1985-1-16,7.79,0.1,2.2,620.0,1,no
2446098.5,1985-2-2,J,same_jd,2446098.5,1985-2-2,10.24,0.04,1.25,1650.0,1,no,2446098.5,1985-2-2,7.73,0.03,2.2,620.0,1,no
2446201.5,1985-5-16,J,same_jd,2446201.5,1985-5-16,10.05,0.1,1.25,1650.0,1,no,2446201.5,1985-5-16,7.77,0.1,2.2,620.0,1,no
2446481.5,1986-2-20,J,same_jd,2446481.5,1986-2-20,10.17,0.02,1.25,1650.0,1,no,2446481.5,1986-2-20,7.75,0.01,2.2,620.0,1,no
2447286.5,1988-5-5,J,same_jd,2447286.5,1988-5-5,10.03,0.02,1.25,1650.0,1,no,2447286.5,1988-5-5,7.51,0.01,2.2,620.0,1,no
2447328.5,1988-6-16,J,same_jd,2447328.5,1988-6-16,9.88,0.1,1.25,1650.0,1,no,2447328.5,1988-6-16,7.48,0.1,2.2,620.0,1,no
2447576.5,1989-2-19,J,same_jd,2447576.5,1989-2-19,10.52,0.01,1.25,1650.0,1,no,2447576.5,1989-2-19,7.31,0.01,2.2,620.0,1,no
2447616.5,1989-3-31,J,same_jd,2447616.5,1989-3-31,10.77,0.03,1.25,1650.0,1,no,2447616.5,1989-3-31,7.34,0.01,2.2,620.0,1,no
2447630.5,1989-4-14,J,same_jd,2447630.5,1989-4-14,10.57,0.03,1.2,1600.0,1,no,2447630.5,1989-4-14,7.29,0.03,2.2,620.0,1,no
2448284.5,1991-1-28,J,same_jd,2448284.5,1991-1-28,10.09,0.01,1.25,1650.0,1,no,2448284.5,1991-1-28,7.01,0.01,2.2,620.0,1,no
2448309.5,1991-2-22,J,same_jd,2448309.5,1991-2-22,10.31,0.02,1.25,1650.0,1,no,2448309.5,1991-2-22,7.14,0.02,2.2,620.0,1,no
2448310.5,1991-2-23,J,same_jd,2448310.5,1991-2-23,10.47,0.01,1.25,1650.0,1,no,2448310.5,1991-2-23,7.21,0.01,2.2,620.0,1,no
2448314.5,1991-2-27,J,same_jd,2448314.5,1991-2-27,10.51,0.01,1.25,1650.0,1,no,2448314.5,1991-2-27,7.24,0.01,2.2,620.0,1,no
2448518.5,1991-9-19,J,same_jd,2448518.5,1991-9-19,11.27,0.04,1.25,1650.0,1,no,2448518.5,1991-9-19,7.26,0.03,2.2,620.0,1,no
2448642.5,1992-1-21,J,same_jd,2448642.5,1992-1-21,10.57,0.02,1.25,1650.0,1,no,2448642.5,1992-1-21,6.95,0.01,2.2,620.0,1,no
2448756.5,1992-5-14,J,same_jd,2448756.5,1992-5-14,10.35,0.01,1.24,1587.0,1,no,2448756.5,1992-5-14,6.86,0.01,2.18,653.0,1,no
2448881.5,1992-9-16,J,same_jd,2448881.5,1992-9-16,10.71,0.03,1.25,1650.0,1,no,2448881.5,1992-9-16,7.15,0.01,2.2,620.0,1,no
2449182.5,1993-7-14,J,same_jd,2449182.5,1993-7-14,10.15,0.05,1.25,1650.0,1,no,2449182.5,1993-7-14,7.1,0.02,2.2,620.0,1,no
2450996.5,1998-7-2,J,same_jd,2450996.5,1998-7-2,10.301,0.04,1.221,1595.0,1,no,2450996.5,1998-7-2,7.283,0.06,2.144,665.0,1,no
2451121.5,1998-11-4,J,same_jd,2451121.5,1998-11-4,10.327,0.07,1.221,1595.0,1,no,2451121.5,1998-11-4,7.215,0.07,2.144,665.0,1,no
2451319.5,1999-5-21,J,same_jd,2451319.5,1999-5-21,10.178,0.025,1.235,1594.0,1,no,2451319.5,1999-5-21,7.176,0.021,2.159,666.8,1,no
2452803.5,2003-6-13,J,same_jd,2452803.5,2003-6-13,9.809,0.2,1.235,1594.0,1,no,2452803.5,2003-6-13,7.484,0.2,2.159,666.8,1,no
2454567.5,2008-4-11,J,same_jd,2454567.5,2008-4-11,12.63,0.16,1.235,1594.0,1,no,2454567.5,2008-4-11,8.16,0.14,2.159,666.8,1,no
2455271.5,2010-3-16,J,same_jd,2455271.5,2010-3-16,17.646,0.04,1.235,1594.0,1,no,2455271.5,2010-3-16,12.273,0.07,2.159,666.8,1,no
2457209.5,2015-7-6,J,same_jd,2457209.5,2015-7-6,15.715,0.0,1.235,1594.0,1,no,2457209.5,2015-7-6,10.392,0.0,2.159,666.8,1,no
2457219.5,2015-7-16,J,same_jd,2457219.5,2015-7-16,15.367,0.044,1.235,1594.0,1,no,2457219.5,2015-7-16,10.181,0.045,2.159,666.8,1,no
2457224.5,2015-7-21,K,neighbour,2457226.5,2015-7-23,15.954,0.0,1.235,1594.0,1,no,2457224.5,2015-7-21,10.32,0.054,2.159,666.8,1,no
2457226.5,2015-7-23,J,same_jd,2457226.5,2015-7-23,15.954,0.0,1.235,1594.0,1,no,2457226.5,2015-7-23,10.509,0.0,2.159,666.8,1,no
2457546.5,2016-6-7,J,same_jd,2457546.5,2016-6-7,15.15,0.015,1.235,1594.0,1,no,2457546.5,2016-6-7,10.269,0.01,2.159,666.8,1,no
2457610.5,2016-8-10,J,same_jd,2457610.5,2016-8-10,14.607,0.004,1.235,1594.0,1,no,2457610.5,2016-8-10,9.853,0.014,2.159,666.8,1,no
2457626.5,2016-8-26,J,same_jd,2457626.5,2016-8-26,14.52,0.02,1.235,1594.0,1,no,2457626.5,2016-8-26,9.92,0.02,2.159,666.8,1,no
2457786.5,2017-2-2,J,same_jd,2457786.5,2017-2-2,15.252,0.01,1.235,1594.0,1,no,2457786.5,2017-2-2,10.278,0.01,2.159,666.8,1,no
2457815.5,2017-3-3,J,same_jd,2457815.5,2017-3-3,15.25,0.01,1.235,1594.0,1,no,2457815.5,2017-3-3,10.257,0.008,2.159,666.8,1,no
2457846.5,2017-4-3,J,same_jd,2457846.5,2017-4-3,15.192,0.008,1.235,1594.0,1,no,2457846.5,2017-4-3,10.299,0.004,2.159,666.8,1,no
2457876.5,2017-5-3,J,same_jd,2457876.5,2017-5-3,15.049,0.007,1.235,1594.0,1,no,2457876.5,2017-5-3,10.266,0.027,2.159,666.8,1,no
2457908.5,2017-6-4,J,same_jd,2457908.5,2017-6-4,14.818,0.015,1.235,1594.0,1,no,2457908.5,2017-6-4,10.048,0.012,2.159,666.8,1,no
2457941.5,2017-7-7,K,neighbour,2457942.5,2017-7-8,15.003,0.005,1.235,1594.0,1,no,2457941.5,2017-7-7,10.39,0.01,2.159,666.8,1,no
2457942.5,2017-7-8,J,same_jd,2457942.5,2017-7-8,15.003,0.005,1.235,1594.0,1,no,2457942.5,2017-7-8,10.379,0.007,2.159,666.8,1,no
2457943.5,2017-7-9,K,neighbour,2457942.5,2017-7-8,15.003,0.005,1.235,1594.0,1,no,2457943.5,2017-7-9,10.15,0.01,2.159,666.8,1,no
2457971.5,2017-8-6,J,same_jd,2457971.5,2017-8-6,15.121,0.008,1.235,1594.0,1,no,2457971.5,2017-8-6,10.557,0.007,2.159,666.8,1,no
2458002.5,2017-9-6,J,same_jd,2458002.5,2017-9-6,15.121,0.011,1.235,1594.0,1,no,2458002.5,2017-9-6,10.555,0.017,2.159,666.8,1,no
2458032.5,2017-10-6,J,same_jd,2458032.5,2017-10-6,15.001,0.011,1.235,1594.0,1,no,2458032.5,2017-10-6,10.397,0.008,2.159,666.8,1,no
2458151.5,2018-2-2,J,same_jd,2458151.5,2018-2-2,14.588,0.011,1.235,1594.0,1,no,2458151.5,2018-2-2,10.158,0.006,2.159,666.8,1,no
2458179.5,2018-3-2,J,same_jd,2458179.5,2018-3-2,14.334,0.008,1.235,1594.0,1,no,2458179.5,2018-3-2,9.894,0.008,2.159,666.8,1,no
2458208.5,2018-3-31,K,neighbour,2458210.5,2018-4-2,14.226,0.007,1.235,1594.0,1,no,2458208.5,2018-3-31,9.51,0.01,2.159,666.8,1,no
2458210.5,2018-4-2,J,same_jd,2458210.5,2018-4-2,14.226,0.007,1.235,1594.0,1,no,2458210.5,2018-4-2,9.777,0.007,2.159,666.8,1,no
2458240.5,2018-5-2,J,same_jd,2458240.5,2018-5-2,14.435,0.008,1.235,1594.0,1,no,2458240.5,2018-5-2,9.944,0.006,2.159,666.8,1,no
2458271.5,2018-6-2,J,same_jd,2458271.5,2018-6-2,14.277,0.007,1.235,1594.0,1,no,2458271.5,2018-6-2,9.703,0.007,2.159,666.8,1,no
2458309.5,2018-7-10,J,same_jd,2458309.5,2018-7-10,14.227,0.005,1.235,1594.0,1,no,2458309.5,2018-7-10,9.47,0.005,2.159,666.8,1,no
2458338.5,2018-8-8,J,same_jd,2458338.5,2018-8-8,14.653,0.01,1.235,1594.0,1,no,2458338.5,2018-8-8,9.675,0.009,2.159,666.8,1,no
2458406.5,2018-10-15,J,same_jd,2458406.5,2018-10-15,15.125,0.018,1.235,1594.0,1,no,2458406.5,2018-10-15,9.9,0.009,2.159,666.8,1,no
2458521.5,2019-2-7,J,same_jd,2458521.5,2019-2-7,14.395,0.006,1.235,1594.0,1,no,2458521.5,2019-2-7,9.027,0.012,2.159,666.8,1,no
2458549.5,2019-3-7,J,same_jd,2458549.5,2019-3-7,14.251,0.007,1.235,1594.0,1,no,2458549.5,2019-3-7,8.703,0.005,2.159,666.8,1,no
2458580.5,2019-4-7,J,same_jd,2458580.5,2019-4-7,14.353,0.007,1.235,1594.0,1,no,2458580.5,2019-4-7,8.799,0.015,2.159,666.8,1,no
2458611.5,2019-5-8,J,same_jd,2458611.5,2019-5-8,14.408,0.008,1.235,1594.0,1,no,2458611.5,2019-5-8,8.679,0.014,2.159,666.8,1,no
2458643.5,2019-6-9,J,same_jd,2458643.5,2019-6-9,14.654,0.012,1.235,1594.0,1,no,2458643.5,2019-6-9,8.747,0.011,2.159,666.8,1,no
2458674.5,2019-7-10,J,same_jd,2458674.5,2019-7-10,14.593,0.007,1.235,1594.0,1,no,2458674.5,2019-7-10,8.579,0.005,2.159,666.8,1,no
2459310.5,2021-4-6,J,same_jd,2459310.5,2021-4-6,13.922,0.041,1.235,1594.0,1,no,2459310.5,2021-4-6,7.881,0.016,2.159,666.8,1,no
2459340.5,2021-5-6,J,same_jd,2459340.5,2021-5-6,12.442,0.015,1.235,1594.0,1,no,2459340.5,2021-5-6,7.518,0.013,2.159,666.8,1,no
2459370.5,2021-6-5,J,same_jd,2459370.5,2021-6-5,11.657,0.011,1.235,1594.0,1,no,2459370.5,2021-6-5,7.137,0.015,2.159,666.8,1,no
2459401.5,2021-7-6,J,same_jd,2459401.5,2021-7-6,11.556,0.021,1.235,1594.0,1,no,2459401.5,2021-7-6,7.105,0.011,2.159,666.8,1,no
2459431.5,2021-8-5,J,same_jd,2459431.5,2021-8-5,11.421,0.012,1.235,1594.0,1,no,2459431.5,2021-8-5,7.075,0.012,2.159,666.8,1,no
2460147.5,2023-7-22,J,same_jd,2460147.5,2023-7-22,13.077,0.015,1.235,1594.0,1,no,2460147.5,2023-7-22,7.573,0.006,2.159,666.8,1,no
2460188.5,2023-9-1,J,same_jd,2460188.5,2023-9-1,12.781,0.01,1.235,1594.0,1,no,2460188.5,2023-9-1,7.173,0.008,2.159,666.8,1,no
2460364.5,2024-2-24,J,same_jd,2460364.5,2024-2-24,13.414,0.0,1.235,1594.0,1,no,2460364.5,2024-2-24,7.974,0.0,2.159,666.8,1,no
2460545.5,2024-8-23,J,same_jd,2460545.5,2024-8-23,11.71,0.014,1.235,1594.0,1,no,2460545.5,2024-8-23,7.099,0.016,2.159,666.8,1,no
2460566.5,2024-9-13,J,same_jd,2460566.5,2024-9-13,12.152,0.0,1.235,1594.0,1,no,2460566.5,2024-9-13,7.415,0.0,2.159,666.8,1,no
2460575.5,2024-9-22,J,same_jd,2460575.5,2024-9-22,11.64,0.008,1.235,1594.0,1,no,2460575.5,2024-9-22,7.195,0.009,2.159,666.8,1,no
2460594.5,2024-10-11,J,same_jd,2460594.5,2024-10-11,11.31,0.0,1.235,1594.0,1,no,2460594.5,2024-10-11,7.284,0.0,2.159,666.8,1,no
2460737.5,2025-3-3,J,same_jd,2460737.5,2025-3-3,9.959,0.005,1.235,1594.0,1,no,2460737.5,2025-3-3,6.674,0.006,2.159,666.8,1,no
2460766.5,2025-4-1,J,same_jd,2460766.5,2025-4-1,9.972,0.004,1.235,1594.0,1,no,2460766.5,2025-4-1,6.681,0.005,2.159,666.8,1,no
2460781.5,2025-4-16,J,same_jd,2460781.5,2025-4-16,9.992,0.009,1.235,1594.0,1,no,2460781.5,2025-4-16,6.688,0.005,2.159,666.8,1,no
2460812.5,2025-5-17,J,same_jd,2460812.5,2025-5-17,10.729,0.006,1.235,1594.0,1,no,2460812.5,2025-5-17,7.038,0.005,2.159,666.8,1,no
2460816.5,2025-5-21,J,same_jd,2460816.5,2025-5-21,10.839,0.003,1.235,1594.0,1,no,2460816.5,2025-5-21,7.103,0.004,2.159,666.8,1,no
2460840.5,2025-6-14,J,same_jd,2460840.5,2025-6-14,11.931,0.009,1.235,1594.0,1,no,2460840.5,2025-6-14,7.326,0.006,2.159,666.8,1,no
2460847.5,2025-6-21,J,same_jd,2460847.5,2025-6-21,11.89,0.008,1.235,1594.0,1,no,2460847.5,2025-6-21,7.309,0.006,2.159,666.8,1,no
2460856.5,2025-6-30,J,same_jd,2460856.5,2025-6-30,11.582,0.004,1.235,1594.0,1,no,2460856.5,2025-6-30,6.822,0.004,2.159,666.8,1,no
2460858.5,2025-7-2,J,same_jd,2460858.5,2025-7-2,11.924,0.009,1.235,1594.0,1,no,2460858.5,2025-7-2,7.265,0.004,2.159,666.8,1,no
2460861.5,2025-7-5,J,same_jd,2460861.5,2025-7-5,11.658,0.003,1.235,1594.0,1,no,2460861.5,2025-7-5,6.935,0.003,2.159,666.8,1,no
2461102.5,2026-3-3,J,same_jd,2461102.5,2026-3-3,11.232,0.033,1.235,1594.0,1,no,2461102.5,2026-3-3,7.33,0.033,2.159,666.8,1,no
2461165.5,2026-5-5,J,same_jd,2461165.5,2026-5-5,12.463,0.004,1.235,1594.0,1,no,2461165.5,2026-5-5,7.184,0.003,2.159,666.8,1,no
2461222.5,2026-7-1,J,same_jd,2461222.5,2026-7-1,11.613,0.003,1.235,1594.0,1,no,2461222.5,2026-7-1,6.982,0.003,2.159,666.8,1,no
2461225.5,2026-7-4,J,same_jd,2461225.5,2026-7-4,11.647,0.003,1.235,1594.0,1,no,2461225.5,2026-7-4,7.133,0.003,2.159,666.8,1,no
