fit,JD,BB_constraint_status,BB_identifiable,bound_hits,Av_upper,wavelength_min_um,wavelength_max_um,max_blue_BB_over_disk,no_coverage_beyond_2_2um
red_photo,2444098.5,constrained,True,,40,1.25,3.5999999999999996,,False
red_photo,2445450.5,constrained,True,,40,1.25,4.8,,False
red_photo,2445599.5,constrained,True,,40,1.25,3.5,,False
red_photo,2445631.5,constrained,True,,40,1.25,3.5,,False
red_photo,2446081.5,boundary asymptote,False,,40,1.25,20.0,,False
red_photo,2446098.5,boundary asymptote,False,,40,1.25,4.8,,False
red_photo,2446201.5,constrained,True,,40,1.25,3.5,,False
red_photo,2446481.5,effectively unconstrained (>1000% local T and R uncertainty),False,,40,1.25,4.8,,False
red_photo,2447286.5,effectively unconstrained (>1000% local T and R uncertainty),False,,40,1.25,4.8,,False
red_photo,2447328.5,constrained,True,,40,0.55,10.1,,False
red_photo,2447576.5,constrained,True,,40,1.25,4.8,,False
red_photo,2447616.5,constrained,True,,40,1.25,4.599999999999999,,False
red_photo,2447630.5,constrained,True,,40,1.2,4.8,,False
red_photo,2448284.5,constrained,True,,40,1.25,4.599999999999999,,False
red_photo,2448309.5,constrained,True,,40,1.25,4.599999999999999,,False
red_photo,2448310.5,constrained,True,,40,1.25,4.599999999999999,,False
red_photo,2448314.5,constrained,True,,40,1.25,4.599999999999999,,False
red_photo,2448518.5,constrained,True,,40,1.25,4.599999999999999,,False
red_photo,2448642.5,constrained,True,,40,1.25,4.599999999999999,,False
red_photo,2448881.5,constrained,True,,40,1.25,4.599999999999999,,False
red_photo,2449182.5,constrained,True,,40,1.25,4.8,,False
red_photo,2457226.5,constrained,True,,40,1.235,3.3529999999999998,,False
red_photo,2460147.5,constrained,True,,40,1.235,4.603,,False
red_photo,2460766.5,constrained,True,,40,0.663,4.603,,False
red_photo,2460781.5,constrained,True,,40,0.7829999999999999,4.603,,False
red_photo,2460816.5,constrained,True,,40,0.5179999999999999,3.3529999999999998,,False
red_photo,2460856.5,constrained,True,,40,0.663,3.3529999999999998,,False
red_photo,2461165.5,constrained,True,,40,1.235,3.3529999999999998,,False
red_spectral,2457225.7462704,constrained,True,,40,1.2001382999999999,4.1495442,0.0046150170336875474,False
red_spectral,2460147.8042661,constrained,True,,40,1.2001011,5.3695574,0.11587164625665328,False
red_spectral,2460766.1008691,constrained,True,,40,1.2001909,5.3694019,0.11110330848199543,False
red_spectral,2460781.0496146,constrained,True,,40,1.2002153,5.3692093,0.11559229489315603,False
red_spectral,2460847.8364954,constrained,True,,40,1.2001622,5.369076299999999,0.12339627211887515,False
red_spectral,2461225.8232898,constrained,True,,40,1.2001085,5.368131199999999,0.12262560919802223,False
JH_2R_photo,2443916.5,not applicable,,,40,1.2,2.2,,True
JH_2R_photo,2444098.5,not applicable,,,40,1.25,3.5999999999999996,,False
JH_2R_photo,2445450.5,not applicable,,,40,1.25,4.8,,False
JH_2R_photo,2445465.5,not applicable,,,40,1.25,2.2,,True
JH_2R_photo,2445597.5,not applicable,,,40,1.25,2.2,,True
JH_2R_photo,2445599.5,not applicable,,,40,1.25,3.5,,False
JH_2R_photo,2445631.5,not applicable,,,40,1.25,3.5,,False
JH_2R_photo,2446081.5,not applicable,,,40,1.25,20.0,,False
JH_2R_photo,2446098.5,not applicable,,,40,1.25,4.8,,False
JH_2R_photo,2446201.5,not applicable,,,40,1.25,3.5,,False
JH_2R_photo,2446481.5,not applicable,,,40,1.25,4.8,,False
JH_2R_photo,2447286.5,not applicable,,,40,1.25,4.8,,False
JH_2R_photo,2447328.5,not applicable,,,40,0.55,10.1,,False
JH_2R_photo,2447576.5,not applicable,,,40,1.25,4.8,,False
JH_2R_photo,2447616.5,not applicable,,,40,1.25,4.599999999999999,,False
JH_2R_photo,2447630.5,not applicable,,,40,1.2,4.8,,False
JH_2R_photo,2448284.5,not applicable,,,40,1.25,4.599999999999999,,False
JH_2R_photo,2448309.5,not applicable,,,40,1.25,4.599999999999999,,False
JH_2R_photo,2448310.5,not applicable,,,40,1.25,4.599999999999999,,False
JH_2R_photo,2448314.5,not applicable,,,40,1.25,4.599999999999999,,False
JH_2R_photo,2448518.5,not applicable,,,40,1.25,4.599999999999999,,False
JH_2R_photo,2448642.5,not applicable,,,40,1.25,4.599999999999999,,False
JH_2R_photo,2448756.5,not applicable,,,40,1.24,2.1799999999999997,,True
JH_2R_photo,2448881.5,not applicable,,,40,1.25,4.599999999999999,,False
JH_2R_photo,2449182.5,not applicable,,,40,1.25,4.8,,False
JH_2R_photo,2451319.5,not applicable,,,40,1.235,2.1589999999999994,,True
JH_2R_photo,2454567.5,not applicable,,,40,1.235,2.1589999999999994,,True
JH_2R_photo,2455271.5,not applicable,,,40,1.235,2.1589999999999994,,True
JH_2R_photo,2457209.5,not applicable,,,40,0.7829999999999999,2.1589999999999994,,True
JH_2R_photo,2457219.5,not applicable,,,40,1.235,2.1589999999999994,,True
JH_2R_photo,2457226.5,not applicable,,,40,1.235,3.3529999999999998,,False
JH_2R_photo,2457546.5,not applicable,,,40,0.7829999999999999,2.1589999999999994,,True
JH_2R_photo,2457610.5,not applicable,,,40,0.7829999999999999,2.1589999999999994,,True
JH_2R_photo,2457626.5,not applicable,,,40,1.235,2.1589999999999994,,True
JH_2R_photo,2457786.5,not applicable,,,40,0.7829999999999999,2.1589999999999994,,True
JH_2R_photo,2457815.5,not applicable,,,40,0.7829999999999999,2.1589999999999994,,True
JH_2R_photo,2457846.5,not applicable,,,40,0.7829999999999999,2.1589999999999994,,True
JH_2R_photo,2457876.5,not applicable,,,40,0.7829999999999999,2.1589999999999994,,True
JH_2R_photo,2457908.5,not applicable,,,40,0.7829999999999999,2.1589999999999994,,True
JH_2R_photo,2457942.5,not applicable,,,40,0.7829999999999999,2.1589999999999994,,True
JH_2R_photo,2457971.5,not applicable,,,40,0.7829999999999999,2.1589999999999994,,True
JH_2R_photo,2458002.5,not applicable,,,40,0.7829999999999999,2.1589999999999994,,True
JH_2R_photo,2458032.5,not applicable,,,40,0.7829999999999999,2.1589999999999994,,True
JH_2R_photo,2458151.5,not applicable,,,40,0.7829999999999999,2.1589999999999994,,True
JH_2R_photo,2458179.5,not applicable,,,40,0.7829999999999999,2.1589999999999994,,True
JH_2R_photo,2458210.5,not applicable,,,40,0.7829999999999999,2.1589999999999994,,True
JH_2R_photo,2458240.5,not applicable,,,40,0.7829999999999999,2.1589999999999994,,True
JH_2R_photo,2458271.5,not applicable,,,40,0.7829999999999999,2.1589999999999994,,True
JH_2R_photo,2458309.5,not applicable,,,40,0.7829999999999999,2.1589999999999994,,True
JH_2R_photo,2458338.5,not applicable,,,40,0.7829999999999999,2.1589999999999994,,True
JH_2R_photo,2458406.5,not applicable,,,40,0.7829999999999999,2.1589999999999994,,True
JH_2R_photo,2458521.5,not applicable,,,40,0.7829999999999999,2.1589999999999994,,True
JH_2R_photo,2458549.5,not applicable,,,40,0.7829999999999999,2.1589999999999994,,True
JH_2R_photo,2458580.5,not applicable,,,40,0.663,2.1589999999999994,,True
JH_2R_photo,2458611.5,not applicable,,,40,0.663,2.1589999999999994,,True
JH_2R_photo,2458643.5,not applicable,,,40,0.663,2.1589999999999994,,True
JH_2R_photo,2458674.5,not applicable,,,40,0.663,2.1589999999999994,,True
JH_2R_photo,2459310.5,not applicable,,,40,1.235,2.1589999999999994,,True
JH_2R_photo,2459340.5,not applicable,,,40,1.235,2.1589999999999994,,True
JH_2R_photo,2459370.5,not applicable,,,40,1.235,2.1589999999999994,,True
JH_2R_photo,2459401.5,not applicable,,,40,1.235,2.1589999999999994,,True
JH_2R_photo,2459431.5,not applicable,,,40,1.235,2.1589999999999994,,True
JH_2R_photo,2460147.5,not applicable,,,40,1.235,4.603,,False
JH_2R_photo,2460188.5,not applicable,,,40,1.235,2.1589999999999994,,True
JH_2R_photo,2460364.5,not applicable,,,40,0.7829999999999999,2.1589999999999994,,True
JH_2R_photo,2460545.5,not applicable,,,40,0.62,2.1589999999999994,,True
JH_2R_photo,2460566.5,not applicable,,,40,0.663,2.1589999999999994,,True
JH_2R_photo,2460575.5,not applicable,,,40,0.62,2.1589999999999994,,True
JH_2R_photo,2460594.5,not applicable,,,40,0.7829999999999999,2.1589999999999994,,True
JH_2R_photo,2460737.5,not applicable,,,40,1.235,2.1589999999999994,,True
JH_2R_photo,2460766.5,not applicable,,,40,0.663,4.603,,False
JH_2R_photo,2460781.5,not applicable,,,40,0.7829999999999999,4.603,,False
JH_2R_photo,2460812.5,not applicable,,,40,0.663,2.1589999999999994,,True
JH_2R_photo,2460816.5,not applicable,,,40,0.5179999999999999,3.3529999999999998,,False
JH_2R_photo,2460840.5,not applicable,,,40,0.663,2.1589999999999994,,True
JH_2R_photo,2460847.5,not applicable,,,40,1.235,2.1589999999999994,,True
JH_2R_photo,2460856.5,not applicable,,,40,0.663,3.3529999999999998,,False
JH_2R_photo,2460858.5,not applicable,,,40,0.663,2.1589999999999994,,True
JH_2R_photo,2460861.5,not applicable,,,40,0.663,2.1589999999999994,,True
JH_2R_photo,2460902.5,not applicable,,,40,1.235,1.662,,True
JH_2R_photo,2461102.5,not applicable,,,40,0.663,2.1589999999999994,,True
JH_2R_photo,2461165.5,not applicable,,,40,1.235,3.3529999999999998,,False
JH_2R_photo,2461222.5,not applicable,,,40,1.235,2.1589999999999994,,True
JH_2R_photo,2461225.5,not applicable,,,40,1.235,2.1589999999999994,,True
JH_2R_spectral,2457209.599,not applicable,,,40,1.1524839546455037,1.7474639932038054,,True
JH_2R_spectral,2457225.7462704,not applicable,,,40,1.2001382999999999,1.5998488999999998,,True
JH_2R_spectral,2460147.7922115,not applicable,,,40,1.2001011,1.5997877999999999,,True
JH_2R_spectral,2460364.85,not applicable,,,40,1.152476926685365,1.7475423788236364,,True
JH_2R_spectral,2460565.7374397,not applicable,,,40,1.2000822999999998,1.5997686,,True
JH_2R_spectral,2460594.478,not applicable,,,40,1.1524985279891677,1.747553228927471,,True
JH_2R_spectral,2460766.1298276,not applicable,,,40,1.2001909,1.5999017,,True
JH_2R_spectral,2460781.0366671,not applicable,,,40,1.2002153,1.5999311,,True
JH_2R_spectral,2460847.8498597,not applicable,,,40,1.2001622,1.5998595999999998,,True
JH_2R_spectral,2460861.8192732,not applicable,,,40,1.200168,1.5998764999999997,,True
JH_2R_spectral,2461225.8110455,not applicable,,,40,1.2001085,1.5998162,,True
JH_3R_photo,2443916.5,not applicable,,,40,1.2,2.2,,True
JH_3R_photo,2444098.5,not applicable,,,40,1.25,3.5999999999999996,,False
JH_3R_photo,2445450.5,not applicable,,,40,1.25,4.8,,False
JH_3R_photo,2445465.5,not applicable,,,40,1.25,2.2,,True
JH_3R_photo,2445597.5,not applicable,,,40,1.25,2.2,,True
JH_3R_photo,2445599.5,not applicable,,,40,1.25,3.5,,False
JH_3R_photo,2445631.5,not applicable,,,40,1.25,3.5,,False
JH_3R_photo,2446081.5,not applicable,,,40,1.25,20.0,,False
JH_3R_photo,2446098.5,not applicable,,,40,1.25,4.8,,False
JH_3R_photo,2446201.5,not applicable,,,40,1.25,3.5,,False
JH_3R_photo,2446481.5,not applicable,,,40,1.25,4.8,,False
JH_3R_photo,2447286.5,not applicable,,,40,1.25,4.8,,False
JH_3R_photo,2447328.5,not applicable,,,40,0.55,10.1,,False
JH_3R_photo,2447576.5,not applicable,,,40,1.25,4.8,,False
JH_3R_photo,2447616.5,not applicable,,,40,1.25,4.599999999999999,,False
JH_3R_photo,2447630.5,not applicable,,,40,1.2,4.8,,False
JH_3R_photo,2448284.5,not applicable,,,40,1.25,4.599999999999999,,False
JH_3R_photo,2448309.5,not applicable,,,40,1.25,4.599999999999999,,False
JH_3R_photo,2448310.5,not applicable,,,40,1.25,4.599999999999999,,False
JH_3R_photo,2448314.5,not applicable,,,40,1.25,4.599999999999999,,False
JH_3R_photo,2448518.5,not applicable,,,40,1.25,4.599999999999999,,False
JH_3R_photo,2448642.5,not applicable,,,40,1.25,4.599999999999999,,False
JH_3R_photo,2448756.5,not applicable,,,40,1.24,2.1799999999999997,,True
JH_3R_photo,2448881.5,not applicable,,,40,1.25,4.599999999999999,,False
JH_3R_photo,2449182.5,not applicable,,,40,1.25,4.8,,False
JH_3R_photo,2451319.5,not applicable,,,40,1.235,2.1589999999999994,,True
JH_3R_photo,2454567.5,not applicable,,,40,1.235,2.1589999999999994,,True
JH_3R_photo,2455271.5,not applicable,,,40,1.235,2.1589999999999994,,True
JH_3R_photo,2457209.5,not applicable,,,40,0.7829999999999999,2.1589999999999994,,True
JH_3R_photo,2457219.5,not applicable,,,40,1.235,2.1589999999999994,,True
JH_3R_photo,2457226.5,not applicable,,,40,1.235,3.3529999999999998,,False
JH_3R_photo,2457546.5,not applicable,,,40,0.7829999999999999,2.1589999999999994,,True
JH_3R_photo,2457610.5,not applicable,,,40,0.7829999999999999,2.1589999999999994,,True
JH_3R_photo,2457626.5,not applicable,,,40,1.235,2.1589999999999994,,True
JH_3R_photo,2457786.5,not applicable,,,40,0.7829999999999999,2.1589999999999994,,True
JH_3R_photo,2457815.5,not applicable,,,40,0.7829999999999999,2.1589999999999994,,True
JH_3R_photo,2457846.5,not applicable,,,40,0.7829999999999999,2.1589999999999994,,True
JH_3R_photo,2457876.5,not applicable,,,40,0.7829999999999999,2.1589999999999994,,True
JH_3R_photo,2457908.5,not applicable,,,40,0.7829999999999999,2.1589999999999994,,True
JH_3R_photo,2457942.5,not applicable,,,40,0.7829999999999999,2.1589999999999994,,True
JH_3R_photo,2457971.5,not applicable,,,40,0.7829999999999999,2.1589999999999994,,True
JH_3R_photo,2458002.5,not applicable,,,40,0.7829999999999999,2.1589999999999994,,True
JH_3R_photo,2458032.5,not applicable,,,40,0.7829999999999999,2.1589999999999994,,True
JH_3R_photo,2458151.5,not applicable,,,40,0.7829999999999999,2.1589999999999994,,True
JH_3R_photo,2458179.5,not applicable,,,40,0.7829999999999999,2.1589999999999994,,True
JH_3R_photo,2458210.5,not applicable,,,40,0.7829999999999999,2.1589999999999994,,True
JH_3R_photo,2458240.5,not applicable,,,40,0.7829999999999999,2.1589999999999994,,True
JH_3R_photo,2458271.5,not applicable,,,40,0.7829999999999999,2.1589999999999994,,True
JH_3R_photo,2458309.5,not applicable,,,40,0.7829999999999999,2.1589999999999994,,True
JH_3R_photo,2458338.5,not applicable,,,40,0.7829999999999999,2.1589999999999994,,True
JH_3R_photo,2458406.5,not applicable,,,40,0.7829999999999999,2.1589999999999994,,True
JH_3R_photo,2458521.5,not applicable,,,40,0.7829999999999999,2.1589999999999994,,True
JH_3R_photo,2458549.5,not applicable,,,40,0.7829999999999999,2.1589999999999994,,True
JH_3R_photo,2458580.5,not applicable,,,40,0.663,2.1589999999999994,,True
JH_3R_photo,2458611.5,not applicable,,,40,0.663,2.1589999999999994,,True
JH_3R_photo,2458643.5,not applicable,,,40,0.663,2.1589999999999994,,True
JH_3R_photo,2458674.5,not applicable,,,40,0.663,2.1589999999999994,,True
JH_3R_photo,2459310.5,not applicable,,,40,1.235,2.1589999999999994,,True
JH_3R_photo,2459340.5,not applicable,,,40,1.235,2.1589999999999994,,True
JH_3R_photo,2459370.5,not applicable,,,40,1.235,2.1589999999999994,,True
JH_3R_photo,2459401.5,not applicable,,,40,1.235,2.1589999999999994,,True
JH_3R_photo,2459431.5,not applicable,,,40,1.235,2.1589999999999994,,True
JH_3R_photo,2460147.5,not applicable,,,40,1.235,4.603,,False
JH_3R_photo,2460188.5,not applicable,,,40,1.235,2.1589999999999994,,True
JH_3R_photo,2460364.5,not applicable,,,40,0.7829999999999999,2.1589999999999994,,True
JH_3R_photo,2460545.5,not applicable,,,40,0.62,2.1589999999999994,,True
JH_3R_photo,2460566.5,not applicable,,,40,0.663,2.1589999999999994,,True
JH_3R_photo,2460575.5,not applicable,,,40,0.62,2.1589999999999994,,True
JH_3R_photo,2460594.5,not applicable,,,40,0.7829999999999999,2.1589999999999994,,True
JH_3R_photo,2460737.5,not applicable,,,40,1.235,2.1589999999999994,,True
JH_3R_photo,2460766.5,not applicable,,,40,0.663,4.603,,False
JH_3R_photo,2460781.5,not applicable,,,40,0.7829999999999999,4.603,,False
JH_3R_photo,2460812.5,not applicable,,,40,0.663,2.1589999999999994,,True
JH_3R_photo,2460816.5,not applicable,,,40,0.5179999999999999,3.3529999999999998,,False
JH_3R_photo,2460840.5,not applicable,,,40,0.663,2.1589999999999994,,True
JH_3R_photo,2460847.5,not applicable,,,40,1.235,2.1589999999999994,,True
JH_3R_photo,2460856.5,not applicable,,,40,0.663,3.3529999999999998,,False
JH_3R_photo,2460858.5,not applicable,,,40,0.663,2.1589999999999994,,True
JH_3R_photo,2460861.5,not applicable,,,40,0.663,2.1589999999999994,,True
JH_3R_photo,2460902.5,not applicable,,,40,1.235,1.662,,True
JH_3R_photo,2461102.5,not applicable,,,40,0.663,2.1589999999999994,,True
JH_3R_photo,2461165.5,not applicable,,,40,1.235,3.3529999999999998,,False
JH_3R_photo,2461222.5,not applicable,,,40,1.235,2.1589999999999994,,True
JH_3R_photo,2461225.5,not applicable,,,40,1.235,2.1589999999999994,,True
JH_3R_spectral,2457209.599,not applicable,,,40,1.1524839546455037,1.7474639932038054,,True
JH_3R_spectral,2457225.7462704,not applicable,,,40,1.2001382999999999,1.5998488999999998,,True
JH_3R_spectral,2460147.7922115,not applicable,,,40,1.2001011,1.5997877999999999,,True
JH_3R_spectral,2460364.85,not applicable,,,40,1.152476926685365,1.7475423788236364,,True
JH_3R_spectral,2460565.7374397,not applicable,,,40,1.2000822999999998,1.5997686,,True
JH_3R_spectral,2460594.478,not applicable,,,40,1.1524985279891677,1.747553228927471,,True
JH_3R_spectral,2460766.1298276,not applicable,,,40,1.2001909,1.5999017,,True
JH_3R_spectral,2460781.0366671,not applicable,,,40,1.2002153,1.5999311,,True
JH_3R_spectral,2460847.8498597,not applicable,,,40,1.2001622,1.5998595999999998,,True
JH_3R_spectral,2460861.8192732,not applicable,,,40,1.200168,1.5998764999999997,,True
JH_3R_spectral,2461225.8110455,not applicable,,,40,1.2001085,1.5998162,,True
JH_4R_photo,2443916.5,not applicable,,,40,1.2,2.2,,True
JH_4R_photo,2444098.5,not applicable,,,40,1.25,3.5999999999999996,,False
JH_4R_photo,2445450.5,not applicable,,,40,1.25,4.8,,False
JH_4R_photo,2445465.5,not applicable,,,40,1.25,2.2,,True
JH_4R_photo,2445597.5,not applicable,,,40,1.25,2.2,,True
JH_4R_photo,2445599.5,not applicable,,,40,1.25,3.5,,False
JH_4R_photo,2445631.5,not applicable,,,40,1.25,3.5,,False
JH_4R_photo,2446081.5,not applicable,,,40,1.25,20.0,,False
JH_4R_photo,2446098.5,not applicable,,,40,1.25,4.8,,False
JH_4R_photo,2446201.5,not applicable,,,40,1.25,3.5,,False
JH_4R_photo,2446481.5,not applicable,,,40,1.25,4.8,,False
JH_4R_photo,2447286.5,not applicable,,,40,1.25,4.8,,False
JH_4R_photo,2447328.5,not applicable,,,40,0.55,10.1,,False
JH_4R_photo,2447576.5,not applicable,,,40,1.25,4.8,,False
JH_4R_photo,2447616.5,not applicable,,,40,1.25,4.599999999999999,,False
JH_4R_photo,2447630.5,not applicable,,,40,1.2,4.8,,False
JH_4R_photo,2448284.5,not applicable,,,40,1.25,4.599999999999999,,False
JH_4R_photo,2448309.5,not applicable,,,40,1.25,4.599999999999999,,False
JH_4R_photo,2448310.5,not applicable,,,40,1.25,4.599999999999999,,False
JH_4R_photo,2448314.5,not applicable,,,40,1.25,4.599999999999999,,False
JH_4R_photo,2448518.5,not applicable,,,40,1.25,4.599999999999999,,False
JH_4R_photo,2448642.5,not applicable,,,40,1.25,4.599999999999999,,False
JH_4R_photo,2448756.5,not applicable,,,40,1.24,2.1799999999999997,,True
JH_4R_photo,2448881.5,not applicable,,,40,1.25,4.599999999999999,,False
JH_4R_photo,2449182.5,not applicable,,,40,1.25,4.8,,False
JH_4R_photo,2451319.5,not applicable,,,40,1.235,2.1589999999999994,,True
JH_4R_photo,2454567.5,not applicable,,,40,1.235,2.1589999999999994,,True
JH_4R_photo,2455271.5,not applicable,,,40,1.235,2.1589999999999994,,True
JH_4R_photo,2457209.5,not applicable,,,40,0.7829999999999999,2.1589999999999994,,True
JH_4R_photo,2457219.5,not applicable,,,40,1.235,2.1589999999999994,,True
JH_4R_photo,2457226.5,not applicable,,,40,1.235,3.3529999999999998,,False
JH_4R_photo,2457546.5,not applicable,,,40,0.7829999999999999,2.1589999999999994,,True
JH_4R_photo,2457610.5,not applicable,,,40,0.7829999999999999,2.1589999999999994,,True
JH_4R_photo,2457626.5,not applicable,,,40,1.235,2.1589999999999994,,True
JH_4R_photo,2457786.5,not applicable,,,40,0.7829999999999999,2.1589999999999994,,True
JH_4R_photo,2457815.5,not applicable,,,40,0.7829999999999999,2.1589999999999994,,True
JH_4R_photo,2457846.5,not applicable,,,40,0.7829999999999999,2.1589999999999994,,True
JH_4R_photo,2457876.5,not applicable,,,40,0.7829999999999999,2.1589999999999994,,True
JH_4R_photo,2457908.5,not applicable,,,40,0.7829999999999999,2.1589999999999994,,True
JH_4R_photo,2457942.5,not applicable,,,40,0.7829999999999999,2.1589999999999994,,True
JH_4R_photo,2457971.5,not applicable,,,40,0.7829999999999999,2.1589999999999994,,True
JH_4R_photo,2458002.5,not applicable,,,40,0.7829999999999999,2.1589999999999994,,True
JH_4R_photo,2458032.5,not applicable,,,40,0.7829999999999999,2.1589999999999994,,True
JH_4R_photo,2458151.5,not applicable,,,40,0.7829999999999999,2.1589999999999994,,True
JH_4R_photo,2458179.5,not applicable,,,40,0.7829999999999999,2.1589999999999994,,True
JH_4R_photo,2458210.5,not applicable,,,40,0.7829999999999999,2.1589999999999994,,True
JH_4R_photo,2458240.5,not applicable,,,40,0.7829999999999999,2.1589999999999994,,True
JH_4R_photo,2458271.5,not applicable,,,40,0.7829999999999999,2.1589999999999994,,True
JH_4R_photo,2458309.5,not applicable,,,40,0.7829999999999999,2.1589999999999994,,True
JH_4R_photo,2458338.5,not applicable,,,40,0.7829999999999999,2.1589999999999994,,True
JH_4R_photo,2458406.5,not applicable,,,40,0.7829999999999999,2.1589999999999994,,True
JH_4R_photo,2458521.5,not applicable,,,40,0.7829999999999999,2.1589999999999994,,True
JH_4R_photo,2458549.5,not applicable,,,40,0.7829999999999999,2.1589999999999994,,True
JH_4R_photo,2458580.5,not applicable,,,40,0.663,2.1589999999999994,,True
JH_4R_photo,2458611.5,not applicable,,,40,0.663,2.1589999999999994,,True
JH_4R_photo,2458643.5,not applicable,,,40,0.663,2.1589999999999994,,True
JH_4R_photo,2458674.5,not applicable,,,40,0.663,2.1589999999999994,,True
JH_4R_photo,2459310.5,not applicable,,,40,1.235,2.1589999999999994,,True
JH_4R_photo,2459340.5,not applicable,,,40,1.235,2.1589999999999994,,True
JH_4R_photo,2459370.5,not applicable,,,40,1.235,2.1589999999999994,,True
JH_4R_photo,2459401.5,not applicable,,,40,1.235,2.1589999999999994,,True
JH_4R_photo,2459431.5,not applicable,,,40,1.235,2.1589999999999994,,True
JH_4R_photo,2460147.5,not applicable,,,40,1.235,4.603,,False
JH_4R_photo,2460188.5,not applicable,,,40,1.235,2.1589999999999994,,True
JH_4R_photo,2460364.5,not applicable,,,40,0.7829999999999999,2.1589999999999994,,True
JH_4R_photo,2460545.5,not applicable,,,40,0.62,2.1589999999999994,,True
JH_4R_photo,2460566.5,not applicable,,,40,0.663,2.1589999999999994,,True
JH_4R_photo,2460575.5,not applicable,,,40,0.62,2.1589999999999994,,True
JH_4R_photo,2460594.5,not applicable,,,40,0.7829999999999999,2.1589999999999994,,True
JH_4R_photo,2460737.5,not applicable,,,40,1.235,2.1589999999999994,,True
JH_4R_photo,2460766.5,not applicable,,,40,0.663,4.603,,False
JH_4R_photo,2460781.5,not applicable,,,40,0.7829999999999999,4.603,,False
JH_4R_photo,2460812.5,not applicable,,,40,0.663,2.1589999999999994,,True
JH_4R_photo,2460816.5,not applicable,,,40,0.5179999999999999,3.3529999999999998,,False
JH_4R_photo,2460840.5,not applicable,,,40,0.663,2.1589999999999994,,True
JH_4R_photo,2460847.5,not applicable,,,40,1.235,2.1589999999999994,,True
JH_4R_photo,2460856.5,not applicable,,,40,0.663,3.3529999999999998,,False
JH_4R_photo,2460858.5,not applicable,,,40,0.663,2.1589999999999994,,True
JH_4R_photo,2460861.5,not applicable,,,40,0.663,2.1589999999999994,,True
JH_4R_photo,2460902.5,not applicable,,,40,1.235,1.662,,True
JH_4R_photo,2461102.5,not applicable,,,40,0.663,2.1589999999999994,,True
JH_4R_photo,2461165.5,not applicable,,,40,1.235,3.3529999999999998,,False
JH_4R_photo,2461222.5,not applicable,,,40,1.235,2.1589999999999994,,True
JH_4R_photo,2461225.5,not applicable,,,40,1.235,2.1589999999999994,,True
JH_4R_spectral,2457209.599,not applicable,,,40,1.1524839546455037,1.7474639932038054,,True
JH_4R_spectral,2457225.7462704,not applicable,,,40,1.2001382999999999,1.5998488999999998,,True
JH_4R_spectral,2460147.7922115,not applicable,,,40,1.2001011,1.5997877999999999,,True
JH_4R_spectral,2460364.85,not applicable,,,40,1.152476926685365,1.7475423788236364,,True
JH_4R_spectral,2460565.7374397,not applicable,,,40,1.2000822999999998,1.5997686,,True
JH_4R_spectral,2460594.478,not applicable,,,40,1.1524985279891677,1.747553228927471,,True
JH_4R_spectral,2460766.1298276,not applicable,,,40,1.2001909,1.5999017,,True
JH_4R_spectral,2460781.0366671,not applicable,,,40,1.2002153,1.5999311,,True
JH_4R_spectral,2460847.8498597,not applicable,,,40,1.2001622,1.5998595999999998,,True
JH_4R_spectral,2460861.8192732,not applicable,,,40,1.200168,1.5998764999999997,,True
JH_4R_spectral,2461225.8110455,not applicable,,,40,1.2001085,1.5998162,,True
