family,radius_Rsun,baseline_Rsun,JD,matched,MstarMdot_variant,MstarMdot_3R,MstarMdot_ratio_to_3R,MstarMdot_percent_change,Av_variant,Av_3R,Av_difference_mag
photo,2,3,2443916.5,True,8.75417082467074e-06,9.383208501293487e-06,0.9329613450946941,-6.703865490530592,14.438767913468764,13.652317596665387,0.7864503168033767
photo,2,3,2444098.5,True,1.0950793422923752e-05,1.1687483376981266e-05,0.9369676148153125,-6.303238518468746,15.207699199765448,14.471884750020442,0.735814449745007
photo,2,3,2445450.5,True,5.584077415304939e-06,6.009030320098346e-06,0.929280951808136,-7.071904819186403,6.263604673598423,5.339367637868023,0.9242370357304006
photo,2,3,2445465.5,True,6.196190020730645e-06,6.658585068005208e-06,0.9305565608080325,-6.944343919196749,6.235137111497077,5.342848548198397,0.8922885632986803
photo,2,3,2445597.5,True,7.439979086569842e-06,7.976689262063086e-06,0.9327151706854343,-6.72848293145657,7.23437156170764,6.395662475589103,0.8387090861185369
photo,2,3,2445599.5,True,6.56522827015273e-06,7.049905746345393e-06,0.9312505026831152,-6.874949731688485,6.960485196688013,6.085495936167275,0.8749892605207377
photo,2,3,2445631.5,True,5.821039895085831e-06,6.26056236638802e-06,0.9297950494572315,-7.020495054276854,6.096124203711648,5.184783904565066,0.9113402991465822
photo,2,3,2446081.5,True,5.0864259949328986e-06,5.480449178547057e-06,0.9281038522979937,-7.189614770200626,5.710140750590499,4.756288877861653,0.9538518727288459
photo,2,3,2446098.5,True,1.1401550361931938e-05,1.216307990458385e-05,0.9373900731865686,-6.2609926813431365,9.389593296070696,8.663753305667113,0.7258399904035837
photo,2,3,2446201.5,True,4.655926012262393e-06,5.0227984825997245e-06,0.9269585527653015,-7.304144723469852,5.549778133390126,4.56702679970438,0.9827513336857461
photo,2,3,2446481.5,True,9.337327499670521e-06,9.98366292261957e-06,0.9352606925976362,-6.473930740236378,8.495225027667866,7.718616736453232,0.7766082912146341
photo,2,3,2447286.5,True,1.2073846899627305e-05,1.287212711077927e-05,0.9379838153957106,-6.2016184604289375,8.828933394872015,8.117023954388403,0.7119094404836126
photo,2,3,2447328.5,True,6.722275766956262e-06,7.216373745538157e-06,0.9315309882768483,-6.846901172315167,6.1884897811572825,5.320474009079658,0.8680157720776247
photo,2,3,2447576.5,True,2.5428552495092063e-05,2.6905097772553008e-05,0.9451202411549223,-5.487975884507767,12.9009792466617,12.346980549950846,0.5539986967108543
photo,2,3,2447616.5,True,2.6369066984086115e-05,2.7890670919357304e-05,0.9454439823383692,-5.455601766163076,13.898763113877228,13.351457261128193,0.5473058527490355
photo,2,3,2447630.5,True,1.835540755229245e-05,1.951113401639505e-05,0.9407657974604935,-5.923420253950651,11.232646985364688,10.62042264377524,0.6122243415894477
photo,2,3,2448284.5,True,3.475616498422959e-05,3.666873456667525e-05,0.9478419529594617,-5.215804704053828,12.329309377204511,11.830174664371729,0.49913471283278277
photo,2,3,2448309.5,True,2.7945830813117766e-05,2.9542374203169325e-05,0.9459575124506994,-5.404248754930063,12.445809613171855,11.9090289472461,0.5367806659257557
photo,2,3,2448310.5,True,2.7169052536801712e-05,2.8728769457184224e-05,0.9457088852097536,-5.429111479024639,12.92678597355242,12.384923545042248,0.5418624285101714
photo,2,3,2448314.5,True,2.773202658426962e-05,2.931845111673933e-05,0.9458898928134732,-5.411010718652676,13.13136344387552,12.593203298783596,0.5381601450919238
photo,2,3,2448518.5,True,4.4105523795908935e-05,4.6435403625311524e-05,0.9498253563551973,-5.017464364480273,17.229900442481046,16.768691514551094,0.4612089279299525
photo,2,3,2448642.5,True,5.759278976050001e-05,6.049917473625002e-05,0.9519599236118415,-4.804007638815855,15.542966514241456,15.120591827344498,0.42237468689695845
photo,2,3,2448756.5,True,4.798692188842652e-05,5.0497378343300016e-05,0.9502854101096799,-4.971458989032007,14.034587492150791,13.58697935097953,0.447608141171262
photo,2,3,2448881.5,True,2.8550075305642035e-05,3.0175145909578648e-05,0.9461453936691402,-5.385460633085981,13.92927617220554,13.396318091734535,0.5329580804710048
photo,2,3,2449182.5,True,2.3059817037774263e-05,2.4421603309285158e-05,0.9442384574728908,-5.576154252710919,11.28809789632517,10.715647261449025,0.5724506348761444
photo,2,3,2451319.5,True,1.3188000517443315e-05,1.4047284560939563e-05,0.9388291708786475,-6.117082912135253,9.419111073861735,8.7287005269009,0.6904105469608357
photo,2,3,2454567.5,True,1.3613165956252884e-05,1.4495206244197569e-05,0.9391495179106012,-6.085048208939881,18.043990388756185,17.360942742564617,0.683047646191568
photo,2,3,2455271.5,True,3.078586727161044e-08,4.2337911766789e-08,0.7271465688054956,-27.285343119450445,8.243744116096767,4.477019575056175,3.766724541040592
photo,2,3,2457209.5,True,8.715154104300013e-07,9.723120821580402e-07,0.8963330050323746,-10.366699496762543,19.149180120037823,17.450073567702553,1.6991065523352695
photo,2,3,2457219.5,True,7.126328560171825e-07,7.998365174630449e-07,0.8909731432087414,-10.902685679125856,17.121415199600005,15.3137039486201,1.8077112509799047
photo,2,3,2457226.5,True,9.864110165238718e-07,1.0967497047808027e-06,0.8993948320423909,-10.06051679576091,20.47441033436164,18.8398045310602,1.6346058033014401
photo,2,3,2457546.5,True,4.172109329105967e-07,4.773161415145733e-07,0.874076731590814,-12.592326840918599,14.0792498461324,11.961671435670036,2.1175784104623645
photo,2,3,2457610.5,True,5.117919488430073e-07,5.809140556585047e-07,0.881011474688553,-11.8988525311447,13.082825859214022,11.086869778469769,1.9959560807442536
photo,2,3,2457626.5,True,4.874695736216261e-07,5.543105772668519e-07,0.879415969338345,-12.058403066165502,12.571450691321097,10.546866639965746,2.024584051355351
photo,2,3,2457786.5,True,2.407348310050044e-07,2.825264197796788e-07,0.8520790062491694,-14.792099375083057,11.891795500659834,9.430400034099955,2.4613954665598783
photo,2,3,2457815.5,True,2.6762689048987353e-07,3.1238841230183036e-07,0.8567119648192707,-14.328803518072931,12.388998667761427,9.99535096700172,2.3936477007597077
photo,2,3,2457846.5,True,2.6564376700101977e-07,3.101891263920656e-07,0.8563929048410858,-14.360709515891424,12.15258933625698,9.754203375227949,2.3983859610290317
photo,2,3,2457876.5,True,2.747039086837122e-07,3.202333849858979e-07,0.8578240794469613,-14.217592055303873,11.815930412219656,9.438884859970765,2.377045552248891
photo,2,3,2457908.5,True,3.63094207393727e-07,4.1783407309134984e-07,0.8689913790595646,-13.100862094043542,12.300999590451411,10.098623804688453,2.2023757857629587
photo,2,3,2457942.5,True,2.293419419425189e-07,2.6984804607361426e-07,0.8498929129913161,-15.010708700868392,10.79129506305176,8.298693923135875,2.492601139915884
photo,2,3,2457971.5,True,1.6892753841558306e-07,2.022702877222996e-07,0.8351574535134227,-16.484254648657725,9.67620816851195,6.984742888747352,2.691465279764598
photo,2,3,2458002.5,True,1.5485017239404595e-07,1.864171985512237e-07,0.8306646253537397,-16.933537464626024,9.226946905834597,6.478444567336303,2.7485023384982936
photo,2,3,2458032.5,True,2.0734676416201938e-07,2.4531833688273346e-07,0.8452151062035563,-15.478489379644367,10.288354279795644,7.730528675074361,2.557825604721283
photo,2,3,2458151.5,True,2.2279624514262025e-07,2.6255566527020657e-07,0.8485676548374292,-15.143234516257076,9.205328603014916,6.694038146101894,2.511290456913022
photo,2,3,2458179.5,True,3.461036449932274e-07,3.991208430562325e-07,0.8671650479162386,-13.28349520837614,10.401640472372833,8.169653262463926,2.2319872099089064
photo,2,3,2458210.5,True,3.5450847969200183e-07,4.0838033018842877e-07,0.8680841203307461,-13.19158796692539,10.136709928734572,7.919570310219283,2.2171396185152883
photo,2,3,2458240.5,True,2.8167628684259475e-07,3.279572609710227e-07,0.8588810810548965,-14.111891894510354,9.798222223117731,7.43708224109708,2.361139982020651
photo,2,3,2458271.5,True,3.5808443716711043e-07,4.1231842303939653e-07,0.8684657710113911,-13.153422898860889,10.357852113345006,8.146910046957162,2.210942066387844
photo,2,3,2458309.5,True,5.21772669979737e-07,5.918240909117027e-07,0.8816347255752097,-11.836527442479028,11.846678387608254,9.862014193284535,1.9846641943237184
photo,2,3,2458338.5,True,3.9105168273505536e-07,4.4858503190092483e-07,0.8717448308026106,-12.825516919738945,12.061432387259956,9.904531025650805,2.156901361609151
photo,2,3,2458406.5,True,3.060480688725848e-07,3.5491890528127535e-07,0.8623042174381775,-13.769578256182246,12.585501145182798,10.276740593030832,2.3087605521519663
photo,2,3,2458521.5,True,1.0497613706179486e-06,1.165274778164291e-06,0.9008702413277014,-9.912975867229857,15.298337969859116,13.695467893777389,1.602870076081727
photo,2,3,2458549.5,True,2.125996999725288e-06,2.3233052594604136e-06,0.9150743282951331,-8.492567170486687,17.458771069693864,16.18292317234638,1.2758478973474823
photo,2,3,2458580.5,True,1.93289566161691e-06,2.1161689020376216e-06,0.9133938504415972,-8.660614955840284,17.46712073915357,16.150674614522348,1.3164461246312236
photo,2,3,2458611.5,True,3.245610141859056e-06,3.5207838390237476e-06,0.921843058322776,-7.815694167722398,19.507352586078177,18.398856274254538,1.1084963118236395
photo,2,3,2458643.5,True,3.6850508031056547e-06,3.989521491926512e-06,0.9236824041587426,-7.631759584125741,20.804802704421498,19.74249779023183,1.0623049141896672
photo,2,3,2458674.5,True,6.15775233250365e-06,6.618334221580627e-06,0.9304081852537543,-6.959181474624565,22.323151128621863,21.429726807676037,0.8934243209458259
photo,2,3,2459310.5,True,8.970874016750002e-05,9.390829445400002e-05,0.9552802623994293,-4.471973760057068,28.157648847196803,27.79254449641456,0.3651043507822429
photo,2,3,2459340.5,True,6.360225379900001e-05,6.676049922400001e-05,0.9526929028136353,-4.730709718636472,22.019389976574644,21.610941986962995,0.4084479896116484
photo,2,3,2459370.5,True,6.251592977790001e-05,6.562941041860002e-05,0.9525596737675764,-4.744032623242356,19.24218990433842,18.831428502852095,0.4107614014863259
photo,2,3,2459401.5,True,7.566283858655001e-05,7.930980155075002e-05,0.954016238940324,-4.598376105967605,19.442174406451898,19.05627032261922,0.3859040838326777
photo,2,3,2459431.5,True,7.504892217640001e-05,7.867134970280001e-05,0.953954933529365,-4.6045066470635,18.95063031014245,18.563699259354465,0.38693105078798595
photo,2,3,2460147.5,True,7.163965230805002e-05,7.512518914355001e-05,0.9536036198346232,-4.639638016537684,24.57289790110142,24.18004919880674,0.39284870229468183
photo,2,3,2460188.5,True,7.834111857725002e-05,8.209472414930002e-05,0.9542771400848662,-4.572285991513381,23.801428972648683,23.419876557350317,0.3815524152983656
photo,2,3,2460364.5,True,4.021585433018147e-05,4.237603643224285e-05,0.9490234980915356,-5.097650190846437,24.060301126651424,23.58520638745225,0.4750947391991751
photo,2,3,2460545.5,True,5.2515084727650014e-05,5.5209795823000015e-05,0.9511914316077329,-4.880856839226711,18.91892290076209,18.483938655631256,0.4349842451308348
photo,2,3,2460566.5,True,5.5378109401500016e-05,5.8194000408800014e-05,0.951612004888494,-4.838799511150604,20.609788007917423,20.18233956277056,0.42744844514686164
photo,2,3,2460575.5,True,4.35609309156243e-05,4.5868953501944375e-05,0.9496822488827386,-5.0317751117261444,18.12625126680809,17.66356810527708,0.46268316153101097
photo,2,3,2460594.5,True,3.0022161717823152e-05,3.171781043663457e-05,0.9465395405461873,-5.346045945381272,15.874626596389898,15.35100028970468,0.5236263066852178
photo,2,3,2460737.5,True,2.1311902490358978e-05,2.2588898149661246e-05,0.9434679969407265,-5.653200305927353,10.140617297352906,9.55332102293347,0.587296274419435
photo,2,3,2460766.5,True,2.484411302479784e-05,2.629381789001074e-05,0.9448651819497215,-5.513481805027853,10.651419040786646,10.093571683789785,0.5578473569968612
photo,2,3,2460781.5,True,3.5505315536659884e-05,3.745367871724112e-05,0.9479793908819871,-5.202060911801287,11.791251836589284,11.29608846237806,0.4951633742112236
photo,2,3,2460812.5,True,1.9092554964009168e-05,2.0258595575406892e-05,0.9424421793180348,-5.755782068196524,12.481679293288042,11.872264715380004,0.6094145779080389
photo,2,3,2460816.5,True,2.6314726150580156e-05,2.7835091815681177e-05,0.9453795347553153,-5.462046524468467,13.83961133435494,13.292402638654847,0.5472086957000926
photo,2,3,2460840.5,True,2.353995684016897e-05,2.492640809893881e-05,0.9443782171395619,-5.562178286043807,17.299543606831236,16.731522774984434,0.5680208318468019
photo,2,3,2460847.5,True,2.749420283755988e-05,2.9070759549641696e-05,0.9457682999513768,-5.423170004862321,17.625975550676145,17.08673411147857,0.5392414391975748
photo,2,3,2460856.5,True,5.434437198875001e-05,5.7116635863450015e-05,0.9514631099540296,-4.853689004597039,18.572937221040565,18.142830034268258,0.4301071867723074
photo,2,3,2460858.5,True,3.462070985839436e-05,3.652877758376574e-05,0.9477653551095185,-5.223464489048146,18.43374498371827,17.934408012427156,0.49933697129111465
photo,2,3,2460861.5,True,5.305085207570001e-05,5.576832426935001e-05,0.9512721203433486,-4.872787965665138,18.76686463724115,18.333332367215384,0.4335322700257649
photo,2,3,2460902.5,True,1.962134352642567e-05,2.081400792167784e-05,0.9426989554467302,-5.730104455326979,16.546535267527116,15.942695703404484,0.603839564122632
photo,2,3,2461102.5,True,1.7677734406323495e-05,1.8771922208304632e-05,0.941711467273337,-5.828853272666301,13.993984509783177,13.36856749448775,0.6254170152954259
photo,2,3,2461165.5,True,7.299398557355002e-05,7.653403348735001e-05,0.9537454417009771,-4.625455829902291,22.492071620161852,22.101618493930584,0.39045312623126804
photo,2,3,2461222.5,True,3.5201794640678217e-06,3.8137279028485e-06,0.9230284786281095,-7.697152137189045,10.071871171218,8.993125322813855,1.0787458484041448
photo,2,3,2461225.5,True,2.772035309285534e-05,2.9307636811994513e-05,0.945840610441523,-5.4159389558476985,16.80571691243814,16.267950323799194,0.5377665886389451
photo,4,3,2443916.5,True,9.938468805170914e-06,9.383208501293487e-06,1.0591759528524687,5.917595285246868,12.843403864520978,13.652317596665387,-0.8089137321444095
photo,4,3,2444098.5,True,1.2332109152811823e-05,1.1687483376981266e-05,1.0551552250418734,5.515522504187342,13.714968681965122,14.471884750020442,-0.75691606805532
photo,4,3,2445450.5,True,6.387844186331136e-06,6.009030320098346e-06,1.0630407646581137,6.30407646581137,4.38978527208773,5.339367637868023,-0.9495823657802926
photo,4,3,2445465.5,True,7.069276130599797e-06,6.658585068005208e-06,1.0616784284348904,6.167842843489035,4.425637990081841,5.342848548198397,-0.9172105581165564
photo,4,3,2445597.5,True,8.450687551387776e-06,7.976689262063086e-06,1.0594229352243936,5.942293522439357,5.533026997905321,6.395662475589103,-0.8626354776837823
photo,4,3,2445599.5,True,7.479573162295965e-06,7.049905746345393e-06,1.0609465475723996,6.094654757239959,5.185867875033543,6.085495936167275,-0.8996280611337317
photo,4,3,2445631.5,True,6.651779013952093e-06,6.26056236638802e-06,1.0624890584373785,6.248905843737851,4.24825335872813,5.184783904565066,-0.936530545836936
photo,4,3,2446081.5,True,5.832938035237026e-06,5.480449178547057e-06,1.0643175121611872,6.43175121611872,3.7768185558421457,4.756288877861653,-0.9794703220195076
photo,4,3,2446098.5,True,1.2828925736927836e-05,1.216307990458385e-05,1.0547431931358973,5.474319313589726,7.917143184873555,8.663753305667113,-0.7466101207935578
photo,4,3,2446201.5,True,5.352182761519037e-06,5.0227984825997245e-06,1.0655778407316927,6.5577840731692705,3.558504979009455,4.56702679970438,-1.0085218206949254
photo,4,3,2446481.5,True,1.055114793934879e-05,9.98366292261957e-06,1.0568413638488827,5.684136384888272,6.919652693742118,7.718616736453232,-0.7989640427111135
photo,4,3,2447286.5,True,1.3569378270612059e-05,1.287212711077927e-05,1.0541675166685467,5.416751666854669,7.384822886415094,8.117023954388403,-0.7322010679733086
photo,4,3,2447328.5,True,7.654065311188154e-06,7.216373745538157e-06,1.0606525633349602,6.065256333496016,4.427944054621763,5.320474009079658,-0.8925299544578946
photo,4,3,2447576.5,True,2.81835618323487e-05,2.6905097772553008e-05,1.0475175400068573,4.751754000685726,11.779176291545818,12.346980549950846,-0.5678042584050278
photo,4,3,2447616.5,True,2.920782620331958e-05,2.7890670919357304e-05,1.04722565791876,4.722565791875999,12.79065487940246,13.351457261128193,-0.5608023817257326
photo,4,3,2447630.5,True,2.051641043100552e-05,1.951113401639505e-05,1.0515232181669063,5.15232181669063,9.9912891081232,10.62042264377524,-0.6291335356520413
photo,4,3,2448284.5,True,3.832188260641647e-05,3.666873456667525e-05,1.0450833130533936,4.508331305339364,11.319820485870803,11.830174664371729,-0.5103541785009256
photo,4,3,2448309.5,True,3.092389505081433e-05,2.9542374203169325e-05,1.046764042664411,4.676404266441092,11.359241748729437,11.9090289472461,-0.5497871985166629
photo,4,3,2448310.5,True,3.007865757236517e-05,2.8728769457184224e-05,1.0469873280577766,4.698732805777661,11.829817410694936,12.384923545042248,-0.5551061343473123
photo,4,3,2448314.5,True,3.0691279736375714e-05,2.931845111673933e-05,1.046824732117331,4.682473211733096,12.041972131827428,12.593203298783596,-0.5512311669561676
photo,4,3,2448518.5,True,4.8447604873911584e-05,4.6435403625311524e-05,1.043333342482313,4.333334248231302,16.29810308836649,16.768691514551094,-0.47058842618460517
photo,4,3,2448642.5,True,6.300788306145001e-05,6.049917473625002e-05,1.0414668189464877,4.146681894648774,14.690740602018638,15.120591827344498,-0.4298512253258604
photo,4,3,2448756.5,True,5.266522448105001e-05,5.0497378343300016e-05,1.0429298749533524,4.292987495335243,13.130505022890864,13.58697935097953,-0.4564743280886656
photo,4,3,2448881.5,True,3.15811738357321e-05,3.0175145909578648e-05,1.0465955634602957,4.65955634602957,12.850532587248155,13.396318091734535,-0.5457855044863802
photo,4,3,2449182.5,True,2.5601561190203873e-05,2.4421603309285158e-05,1.0483161513179642,4.831615131796418,10.128550241922078,10.715647261449025,-0.5870970195269472
photo,4,3,2451319.5,True,1.4796877187980844e-05,1.4047284560939563e-05,1.0533621016780446,5.336210167804456,8.018736801585728,8.7287005269009,-0.7099637253151716
photo,4,3,2454567.5,True,1.5264260766616083e-05,1.4495206244197569e-05,1.0530557833715797,5.305578337157968,16.65861302403851,17.360942742564617,-0.7023297185261086
photo,4,3,2455271.5,True,5.6628317392634745e-08,4.2337911766789e-08,1.3375321320655102,33.753213206551024,1.332695120264557,4.477019575056175,-3.1443244547916187
photo,4,3,2457209.5,True,1.0737764581643845e-06,9.723120821580402e-07,1.104353713039485,10.435371303948493,15.76557598196231,17.450073567702553,-1.6844975857402424
photo,4,3,2457219.5,True,8.891816718085813e-07,7.998365174630449e-07,1.1117042700537418,11.170427005374183,13.534752070570343,15.3137039486201,-1.7789518780497566
photo,4,3,2457226.5,True,1.206635992551638e-06,1.0967497047808027e-06,1.100192675951344,10.019267595134407,17.212445661727443,18.8398045310602,-1.627358869332756
photo,4,3,2457546.5,True,5.418265038023267e-07,4.773161415145733e-07,1.135152274723112,13.515227472311198,9.925304637791903,11.961671435670036,-2.0363667978781326
photo,4,3,2457610.5,True,6.538196245888866e-07,5.809140556585047e-07,1.125501471724141,12.550147172414094,9.149417128952273,11.086869778469769,-1.9374526495174962
photo,4,3,2457626.5,True,6.251072407769433e-07,5.543105772668519e-07,1.127720210318139,12.772021031813896,8.585886226499364,10.546866639965746,-1.9609804134663822
photo,4,3,2457786.5,True,3.2934927165184196e-07,2.825264197796788e-07,1.1657291091880073,16.57291091880073,7.128800585510064,9.430400034099955,-2.301599448589892
photo,4,3,2457815.5,True,3.6215369148128835e-07,3.1238841230183036e-07,1.159305778382633,15.930577838263304,7.744374858585293,9.99535096700172,-2.2509761084164266
photo,4,3,2457846.5,True,3.5974137446384877e-07,3.101891263920656e-07,1.1597485013357665,15.974850133576645,7.499661059510209,9.754203375227949,-2.2545423157177398
photo,4,3,2457876.5,True,3.707541151928716e-07,3.202333849858979e-07,1.1577622214785583,15.776222147855833,7.200434823417273,9.438884859970765,-2.238450036553492
photo,4,3,2457908.5,True,4.77264157516604e-07,4.1783407309134984e-07,1.1422336957480754,14.223369574807542,7.99488989396413,10.098623804688453,-2.1037339107243227
photo,4,3,2457942.5,True,3.1538649673728677e-07,2.6984804607361426e-07,1.1687559029100758,16.87559029100758,5.974039496012749,8.298693923135875,-2.324654427123126
photo,4,3,2457971.5,True,2.405169662579568e-07,2.022702877222996e-07,1.189086983394055,18.908698339405493,4.516956469035087,6.984742888747352,-2.467786419712265
photo,4,3,2458002.5,True,2.228174331632552e-07,1.864171985512237e-07,1.1952622123651828,19.526221236518282,3.9707805465876262,6.478444567336303,-2.5076640207486767
photo,4,3,2458032.5,True,2.8830386731963964e-07,2.4531833688273346e-07,1.1752234707895237,17.52234707895237,5.3582136905207065,7.730528675074361,-2.372314984553655
photo,4,3,2458151.5,True,3.0734490259953616e-07,2.6255566527020657e-07,1.1705894911208075,17.058949112080747,4.355654495401219,6.694038146101894,-2.338383650700675
photo,4,3,2458179.5,True,4.569039990298159e-07,3.991208430562325e-07,1.1447760922008332,14.47760922008332,6.04270010908799,8.169653262463926,-2.1269531533759363
photo,4,3,2458210.5,True,4.669815850428751e-07,4.0838033018842877e-07,1.1434967615296443,14.349676152964431,5.804239964320073,7.919570310219283,-2.1153303458992108
photo,4,3,2458240.5,True,3.7921520743368e-07,3.279572609710227e-07,1.1562945925054127,15.629459250541267,5.210677537262557,7.43708224109708,-2.2264047038345236
photo,4,3,2458271.5,True,4.712657143036816e-07,4.1231842303939653e-07,1.142965455750816,14.296545575081598,6.03644287926877,8.146910046957162,-2.110467167688392
photo,4,3,2458309.5,True,6.655861989308423e-07,5.918240909117027e-07,1.1246351900030116,12.46351900030116,7.933883408420064,9.862014193284535,-1.9281307848644715
photo,4,3,2458338.5,True,5.106690400590959e-07,4.4858503190092483e-07,1.138399642750191,13.839964275019101,7.836762250311353,9.904531025650805,-2.0677687753394514
photo,4,3,2458406.5,True,4.087026398080369e-07,3.5491890528127535e-07,1.1515380942701197,15.153809427011966,8.090315049083939,10.276740593030832,-2.1864255439468927
photo,4,3,2458521.5,True,1.2797049440543608e-06,1.165274778164291e-06,1.0982001567650308,9.820015676503079,12.096506333090824,13.695467893777389,-1.5989615606865648
photo,4,3,2458549.5,True,2.5083795543756194e-06,2.3233052594604136e-06,1.0796599130319144,7.965991303191444,14.887257591163223,16.18292317234638,-1.295665581183158
photo,4,3,2458580.5,True,2.28921729810331e-06,2.1161689020376216e-06,1.0817743781694662,8.17743781694662,14.81632368401558,16.150674614522348,-1.3343509305067673
photo,4,3,2458611.5,True,3.772309458485131e-06,3.5207838390237476e-06,1.0714402334711712,7.144023347117123,17.26556811244739,18.398856274254538,-1.1332881618071475
photo,4,3,2458643.5,True,4.265993077611978e-06,3.989521491926512e-06,1.0692994350938962,6.9299435093896244,18.654816491891182,19.74249779023183,-1.087681298340648
photo,4,3,2458674.5,True,7.0276797409625795e-06,6.618334221580627e-06,1.0618502338620472,6.185023386204724,20.51143410798194,21.429726807676037,-0.9182926996940957
photo,4,3,2459310.5,True,9.753194825130003e-05,9.390829445400002e-05,1.0385871537585534,3.858715375855337,27.422670100810414,27.79254449641456,-0.36987439560414614
photo,4,3,2459340.5,True,6.948630602175002e-05,6.676049922400001e-05,1.0408296347306238,4.082963473062384,21.195617347081253,21.610941986962995,-0.4153246398817423
photo,4,3,2459370.5,True,6.831663879390002e-05,6.562941041860002e-05,1.0409454901112203,4.094549011122028,18.413677163739077,18.831428502852095,-0.41775133911301765
photo,4,3,2459401.5,True,8.245690005895002e-05,7.930980155075002e-05,1.0396810790931834,3.9681079093183413,18.664590040154287,19.05627032261922,-0.39168028246493236
photo,4,3,2459431.5,True,8.179729334300001e-05,7.867134970280001e-05,1.039734206315374,3.9734206315374054,18.170942062532426,18.563699259354465,-0.39275719682203913
photo,4,3,2460147.5,True,7.813311139515001e-05,7.512518914355001e-05,1.0400387977174,4.003879771739993,23.781086146568352,24.18004919880674,-0.39896305223838624
photo,4,3,2460188.5,True,8.533377655700001e-05,8.209472414930002e-05,1.0394550617139457,3.945506171394575,23.03275934321529,23.419876557350317,-0.38711721413502787
photo,4,3,2460364.5,True,4.424229584658785e-05,4.237603643224285e-05,1.044040442935928,4.4040442935928015,23.09997413197377,23.58520638745225,-0.48523225547847915
photo,4,3,2460545.5,True,5.753623145705001e-05,5.5209795823000015e-05,1.0421380952305717,4.213809523057166,18.04077677657378,18.483938655631256,-0.4431618790574774
photo,4,3,2460566.5,True,6.062481822685001e-05,5.8194000408800014e-05,1.041770935164691,4.17709351646911,19.747083089372477,20.18233956277056,-0.43525647339808415
photo,4,3,2460575.5,True,4.786244112677299e-05,4.5868953501944375e-05,1.043460499371195,4.346049937119489,17.191351691069364,17.66356810527708,-0.47221641420771476
photo,4,3,2460594.5,True,3.3184616957005245e-05,3.171781043663457e-05,1.046245516325947,4.624551632594698,14.814909973768136,15.35100028970468,-0.5360903159365442
photo,4,3,2460737.5,True,2.369627088275194e-05,2.2588898149661246e-05,1.0490228751200643,4.902287512006431,8.950649890129514,9.55332102293347,-0.6026711328039571
photo,4,3,2460766.5,True,2.75493883337967e-05,2.629381789001074e-05,1.0477515455928885,4.775154559288852,9.521671126562351,10.093571683789785,-0.5719005572274334
photo,4,3,2460781.5,True,3.91377292726581e-05,3.745367871724112e-05,1.0449635553327303,4.496355533273033,10.789817334104791,11.29608846237806,-0.5062711282732693
photo,4,3,2460812.5,True,2.127083330703998e-05,2.0258595575406892e-05,1.049965839333004,4.9965839333004025,11.246515689397071,11.872264715380004,-0.6257490259829321
photo,4,3,2460816.5,True,2.9151329603221065e-05,2.7835091815681177e-05,1.0472869928454258,4.728699284542581,12.731629194433594,13.292402638654847,-0.5607734442212529
photo,4,3,2460840.5,True,2.6127687346885296e-05,2.492640809893881e-05,1.048193034599222,4.819303459922208,16.148986889957477,16.731522774984434,-0.5825358850269566
photo,4,3,2460847.5,True,3.043525438833659e-05,2.9070759549641696e-05,1.0469370205606379,4.6937020560637865,16.53429716010886,17.08673411147857,-0.5524369513697103
photo,4,3,2460856.5,True,5.9509871937850016e-05,5.7116635863450015e-05,1.041900858449044,4.19008584490439,17.70478440908889,18.142830034268258,-0.43804562517936674
photo,4,3,2460858.5,True,3.8178177191351516e-05,3.652877758376574e-05,1.0451534301634777,4.515343016347773,17.42376280848526,17.934408012427156,-0.5106452039418947
photo,4,3,2460861.5,True,5.8114364478850014e-05,5.576832426935001e-05,1.0420676116816616,4.206761168166162,17.8916936701765,18.333332367215384,-0.4416386970388828
photo,4,3,2460902.5,True,2.1849067680100253e-05,2.081400792167784e-05,1.049728998005444,4.972899800544406,15.322760672740356,15.942695703404484,-0.6199350306641271
photo,4,3,2461102.5,True,1.9722586734522057e-05,1.8771922208304632e-05,1.0506428971774056,5.0642897177405555,12.726141507605144,13.36856749448775,-0.642425986882607
photo,4,3,2461165.5,True,7.958895121930001e-05,7.653403348735001e-05,1.0399158072918622,3.991580729186217,21.705167765676077,22.101618493930584,-0.3964507282545071
photo,4,3,2461222.5,True,4.080901033796984e-06,3.8137279028485e-06,1.0700556352614803,7.005563526148029,7.889173662017618,8.993125322813855,-1.1039516607962367
photo,4,3,2461225.5,True,3.068134528933868e-05,2.9307636811994513e-05,1.0468720315512425,4.687203155124253,15.717056881116624,16.267950323799194,-0.55089344268257
spectral,2,3,2457209.599,True,7.616360027923381e-07,8.54048168532828e-07,0.8917951362166785,-10.82048637833215,18.70485721283396,16.93886979286936,1.765987419964599
spectral,2,3,2457225.7462704,True,4.080859748570832e-07,4.684897384186289e-07,0.8710670509765346,-12.893294902346542,16.162129594655376,14.04009497773398,2.122034616921395
spectral,2,3,2460147.7922115,True,7.939067592785001e-05,8.328139871090001e-05,0.9532822113548296,-4.67177886451704,25.540002648060675,25.163215432443597,0.3767872156170782
spectral,2,3,2460364.85,True,3.605902084594277e-05,3.8048759847700763e-05,0.9477055491500276,-5.229445084997241,23.73267117724148,23.241411361531902,0.4912598157095758
spectral,2,3,2460565.7374397,True,5.2306272197750014e-05,5.506641599330001e-05,0.949876095152337,-5.012390484766305,20.831333660497325,20.399674762893262,0.43165889760406273
spectral,2,3,2460594.478,True,2.613113160147889e-05,2.76565907513568e-05,0.9448428346215062,-5.51571653784938,15.546687643881627,14.999860118982063,0.5468275248995642
spectral,2,3,2460766.1298276,True,3.7001745286948726e-05,3.9078342737623744e-05,0.9468606572029546,-5.313934279704535,12.590675020248524,12.106909158738803,0.48376586150972045
spectral,2,3,2460781.0366671,True,3.787439194258562e-05,3.999150864171841e-05,0.9470608443882448,-5.293915561175522,12.292171841180732,11.812151092499356,0.4800207486813761
spectral,2,3,2460847.8498597,True,3.784405371413955e-05,3.995685289805711e-05,0.9471229831511506,-5.287701684884938,19.21665824406686,18.736248832318196,0.4804094117486635
spectral,2,3,2460861.8192732,True,4.726737267904895e-05,4.980935689255176e-05,0.9489657290900915,-5.103427090990853,18.58738989702923,18.14131227302036,0.4460776240088684
spectral,2,3,2461225.8110455,True,2.721729732936302e-05,2.882518477818956e-05,0.9442193532773764,-5.578064672262362,16.978827341606245,16.442462361038892,0.5363649805673525
spectral,4,3,2457209.599,True,9.48519714736875e-07,8.54048168532828e-07,1.1106161803102277,11.061618031022768,15.19905341249144,16.93886979286936,-1.7398163803779223
spectral,4,3,2457225.7462704,True,5.339187994244817e-07,4.684897384186289e-07,1.1396595392392292,13.965953923922925,12.008131220723776,14.04009497773398,-2.031963757010205
spectral,4,3,2460147.7922115,True,8.663888990250002e-05,8.328139871090001e-05,1.0403150192428334,4.031501924283343,24.78060310123098,25.163215432443597,-0.3826123312126164
spectral,4,3,2460364.85,True,3.9768468972860914e-05,3.8048759847700763e-05,1.045197507935704,4.5197507935704095,22.739021378601045,23.241411361531902,-0.5023899829308576
spectral,4,3,2460565.7374397,True,5.744966185005001e-05,5.506641599330001e-05,1.0432794801288678,4.327948012886784,19.959406942266224,20.399674762893262,-0.44026782062703873
spectral,4,3,2460594.478,True,2.897778782261807e-05,2.76565907513568e-05,1.0477715089014163,4.777150890141635,14.43930593871852,14.999860118982063,-0.5605541802635425
spectral,4,3,2460766.1298276,True,4.087377672916148e-05,3.9078342737623744e-05,1.0459444762945163,4.594447629451626,11.61195219931736,12.106909158738803,-0.4949569594214438
spectral,4,3,2460781.0366671,True,4.182180666854367e-05,3.999150864171841e-05,1.0457671663057972,4.576716630579725,11.321120959374342,11.812151092499356,-0.49103013312501353
spectral,4,3,2460847.8498597,True,4.1783236562112086e-05,3.995685289805711e-05,1.0457088967620816,4.570889676208156,18.244837368236507,18.736248832318196,-0.4914114640816898
spectral,4,3,2460861.8192732,True,5.200494669910001e-05,4.980935689255176e-05,1.0440798665858015,4.407986658580154,17.68587711413712,18.14131227302036,-0.4554351588832404
spectral,4,3,2461225.8110455,True,3.0217656422718772e-05,2.882518477818956e-05,1.048307466378596,4.8307466378596065,15.892449172592908,16.442462361038892,-0.550013188445984
