JD,logMdot,Mdot,Av,logMdot_err,Mdot_err,Av_err,T_bb,T_bb_err,logR_bb,logR_bb_err,R_bb,R_bb_err,logMdot_Av_cov,BB_constraint_status,BB_identifiable,T_bb_candidate,R_bb_candidate
2444098.5,18.168281817890463,2.3374966753962525e-05,14.471884750020447,0.13721884930682998,7.3855095429894945e-06,1.3730282978856554,1238.3565501585763,356.8115209334543,11.129241701755353,0.27952878425387456,134660958611.05714,86673019380.8808,0.18543762831028143,constrained,True,,
2445450.5,17.879365207065767,1.2018060640196688e-05,5.339367637868024,0.1490422865895524,4.12438866443125e-06,1.4856144696693567,969.4651785277803,194.63696850874967,11.43454261051643,0.18171085212499918,271983532785.6139,113799188260.12488,0.21822242216208607,constrained,True,,
2445599.5,17.94874412243703,1.4099811492690551e-05,6.08549593616719,0.21033238763712325,6.828654611254339e-06,2.029162374446798,764.1849300938131,2475.0391598834008,11.315972142182348,3.4260276667649165,207000856384.2022,1632971844146.7441,0.42077050075587896,weak local constraint,True,,
2445631.5,17.897174157956666,1.2521124732776036e-05,5.184783904565074,0.20999824907295547,6.0544501021148186e-06,2.0476785469101895,1074.138121575604,657.6415005650952,11.156277543475046,0.5352538019865931,143310345648.8715,176625332738.3042,0.4240456258972555,weak local constraint,True,,
2446081.5,17.717460443494755,8.278080158498641e-06,3.555536963566025,0.20871041122254363,3.9782258030124285e-06,2.117944472032145,,,7.842377815085184,24223.056174547957,,,0.4363096296719964,boundary asymptote,False,40959999.80912617,69562921.80339785
2446098.5,18.078996098557546,1.9031160964788334e-05,7.708582071742968,0.11796275533768598,5.169230276293402e-06,1.125244658215934,,,14.884195373020722,976553.6116841221,,,0.13070218055136879,boundary asymptote,False,172.87060477856082,765941097982610.8
2446201.5,17.801506566081976,1.0045596965198463e-05,4.567026799704264,0.20933877309991586,4.842182047846873e-06,2.0839528284513493,929.7683461120463,766.8581077490744,11.238033027020425,0.7339213163468605,172994791246.98306,292346714507.46216,0.4304124655982106,weak local constraint,True,,
2446481.5,18.027324738055952,1.6896389872611858e-05,7.063378943262976,0.10372858487490619,4.035599539050007e-06,0.9928899049118322,,,14.880974168257353,104749.57551543518,,,0.10146351392153768,effectively unconstrained (>1000% local T and R uncertainty),False,182.68710978474732,760281054241216.9
2447286.5,18.19086287005981,2.462249477832925e-05,7.946737990685474,0.10417774069113878,5.906397578307561e-06,0.9677798196103761,,,14.570593950466272,21403.146852869766,,,0.09924652958148011,effectively unconstrained (>1000% local T and R uncertainty),False,201.33909060757463,372043696276702.56
2447328.5,17.958879829505022,1.4432747491076311e-05,5.320474009079653,0.2103965408990817,6.992030233690195e-06,2.0256064739457167,1040.8370580719466,528.8681789574323,11.2626548321732,0.44820563180816636,183085871720.1205,188950406299.9956,0.420139958722542,weak local constraint,True,,
2447576.5,18.530395386305408,5.38101955450972e-05,12.346980549950255,0.10351968217389398,1.2826353022335831e-05,0.9045186593546916,739.768002697449,511.4427974061963,11.761068375212432,0.70984045561232,576857276505.709,942854788722.1694,0.09206701326272808,weak local constraint,True,,
2447616.5,18.54601977319298,5.578134183871505e-05,13.351457261128195,0.1108594581349434,1.4238931388627656e-05,0.9787150000048318,974.5634785346316,334.28624425295294,11.50381551053514,0.3093182506678329,319018236915.6996,227214867067.74023,0.10662083096632884,constrained,True,,
2447630.5,18.390843323678443,3.9022268032790095e-05,10.620422643775237,0.11207853902460475,1.0070491274434275e-05,0.9498430968006494,1018.648008002472,284.8231756597802,11.469788806281814,0.24992843748117446,294977442757.6983,169754059590.02612,0.1046499032405753,constrained,True,,
2448284.5,18.664856734475542,7.333746913334928e-05,11.830174664371661,0.10380062589556158,1.7528371910868356e-05,0.8908061023273393,653.8327502069211,651.1855164855784,11.969338959482974,1.191441785053098,931834873052.5403,2556392150457.4214,0.09086886981075715,weak local constraint,True,,
2448309.5,18.57100620660265,5.908474840633719e-05,11.909028947246009,0.10858698081877734,1.4773004744993473e-05,0.9434922496433976,803.9058214264004,277.3911330702554,11.79353368527761,0.3251975898504041,621632461696.876,465475355410.1837,0.10071824813818712,constrained,True,,
2448310.5,18.55887783590607,5.7457538914368435e-05,12.384923545042245,0.10358064204429082,1.3703809325306893e-05,0.9014861714609073,836.4476059010467,257.1178461399479,11.739045733212608,0.2772346153974729,548334704054.83887,350032908826.1256,0.09180175010128762,constrained,True,,
2448314.5,18.567701834656308,5.8636902233447e-05,12.593203298781702,0.10715780468292838,1.4468067126267196e-05,0.9238570470470561,737.1017488342911,299.9790227295528,11.902625113979337,0.42370523805668886,799144130412.0896,779658890746.1427,0.09736663733691804,constrained,True,,
2448518.5,18.76741003657343,9.287080725062302e-05,16.768691514551087,0.1199087163629141,2.5641632000957828e-05,1.0319106279316412,921.8047483664316,203.83035868342745,11.77138460915608,0.18910837635105687,590723990989.5659,257223749005.72443,0.1214761631955004,constrained,True,,
2448642.5,18.882310262224475,0.00012099834947250314,15.120591827344429,0.10570140983908421,2.9449363646980362e-05,0.8917213888920767,742.5713465476662,375.29342439759915,11.956535846521382,0.5206473503348016,904765113666.2952,1084663929049.5554,0.09251988194863531,weak local constraint,True,,
2448881.5,18.58021019047495,6.035029181915728e-05,13.396318091734537,0.10750221793273616,1.4938689054982196e-05,0.9529071382006493,891.9951375544458,108.36527836736629,11.856710678337494,0.112360781896372,718969849522.3241,186012067429.95547,0.10062495843544315,constrained,True,,
2449182.5,18.48833498423253,4.88432066185703e-05,10.715647261449016,0.11785933965626295,1.3255126000061677e-05,1.0832023058901503,794.3541268584062,151.94350503707597,11.913118939160082,0.18788676067882887,818688969767.0542,354185523746.27295,0.1254094808935171,constrained,True,,
2457226.5,17.14066833787841,2.1934994095619633e-06,18.839804531061247,0.20303437595490328,1.0254695888055846e-06,2.3951205617550055,719.2636915666757,72.62295970831309,11.89981538907151,0.1489600530759677,793990651549.5728,272333392490.5689,0.4808067206478605,constrained,True,,
2460147.5,18.97634639014365,0.00015025037828713203,24.180049198806742,0.1908636551695272,6.603200727950917e-05,1.4025081627516427,1322.0257724968374,243.75931107926002,11.633355780656258,0.19010819468805154,429888453723.12067,188179498612.065,0.26526701854692003,constrained,True,,
2460766.5,18.520414462403703,5.258763578002147e-05,10.093571683789783,0.09594570777546281,1.1617826487319763e-05,0.8316075014916043,861.5994628487624,80.60935508812551,12.108414087835762,0.13980953039699967,1283553832648.9727,413205937582.9208,0.07828223564402491,constrained,True,,
2460781.5,18.674055292433902,7.490735743448837e-05,11.296088462378194,0.09664170589489916,1.6668815995135282e-05,0.8219548408379155,730.5631367483761,63.776711166120634,12.36657196389987,0.13025431014258704,2325797845632.431,697557087500.4921,0.07787329433397817,constrained,True,,
2460816.5,18.545153469894302,5.567018363136234e-05,13.292402638654842,0.0959636511911183,1.230113277132467e-05,0.8286932847136288,674.0987397616434,41.049923391224205,12.528102474632744,0.09048321588906133,3373669032026.058,702888100316.8203,0.07801442110116852,constrained,True,,
2460856.5,18.857323431533203,0.00011423327172699888,18.14283003426825,0.09657497058826099,2.5402291111065438e-05,0.8020772626384843,1235.4405652714236,95.50768539954672,11.807789220647676,0.07292407386502,642375872615.8418,107863828659.42093,0.07588678661557868,constrained,True,,
2461165.5,18.984415413771117,0.00015306806697477796,22.101618493930584,0.09679155629315574,3.411440172195018e-05,0.7929198905204233,1050.121196928017,75.81138187573183,11.997704866421252,0.07475919330231412,994729199308.8436,171232091572.26266,0.07515201194368917,constrained,True,,
