Kind,Dataset,JD,Date,Mdot_Msun_per_yr,Mdot_err_Msun_per_yr,MstarMdot_Msun2_per_yr,MstarMdot_err_Msun2_per_yr,Av_mag,Av_err_mag
spectrum,XSHOOTER calibrated JH,2457209.599,2015-07-06,1.7080963370656556e-06,1.2209913648103134e-07,8.54048168532828e-07,6.104956824051568e-08,16.93886979286936,0.3857420653160735
spectrum,IRTF JH,2457225.7462704,2015-07-22,9.369794768372576e-07,2.0718812858635196e-08,4.684897384186289e-07,1.03594064293176e-08,14.04009497773398,0.1365545324010995
spectrum,IRTF JH,2460147.7922115,2023-07-22,0.0001665627974218,2.7653385726161967e-06,8.328139871090001e-05,1.3826692863080986e-06,25.163215432443597,0.0609218511739573
spectrum,XSHOOTER calibrated JH,2460364.85,2024-02-24,7.609751969540151e-05,5.815357236074377e-06,3.8048759847700763e-05,2.9076786180371893e-06,23.241411361531902,0.2878190082801312
spectrum,IRTF JH,2460565.7374397,2024-09-12,0.0001101328319866,1.5961982315476162e-06,5.506641599330001e-05,7.980991157738083e-07,20.399674762893262,0.0527321548470002
spectrum,XSHOOTER calibrated JH,2460594.478,2024-10-10,5.5313181502713586e-05,4.214231649521703e-06,2.76565907513568e-05,2.107115824760852e-06,14.999860118982063,0.2921132304747454
spectrum,IRTF JH,2460766.1298276,2025-03-31,7.815668547524747e-05,1.0556984274232313e-06,3.9078342737623744e-05,5.278492137116157e-07,12.106909158738803,0.0494019616704148
spectrum,IRTF JH,2460781.0366671,2025-04-15,7.99830172834368e-05,1.0818013091364273e-06,3.999150864171841e-05,5.409006545682138e-07,11.812151092499356,0.0494155885363503
spectrum,IRTF JH,2460847.8498597,2025-06-21,7.991370579611421e-05,1.1256151038410426e-06,3.995685289805711e-05,5.628075519205214e-07,18.736248832318196,0.0518435837975008
spectrum,IRTF JH,2460861.8192732,2025-07-05,9.961871378510349e-05,1.357747290449964e-06,4.980935689255176e-05,6.788736452249821e-07,18.14131227302036,0.0492750840474901
spectrum,IRTF JH,2461225.8110455,2026-07-04,5.765036955637911e-05,7.965847556575647e-07,2.882518477818956e-05,3.9829237782878245e-07,16.442462361038892,0.0515708875359605
photometry,2026 JH,2461102.5,2026-3-3,3.754384441660926e-05,9.649520024965138e-06,1.8771922208304632e-05,4.82476001248257e-06,13.36856749448775,0.9887881658419556
photometry,2026 JH,2461165.5,2026-5-5,0.0001530680669747,3.411440172195017e-05,7.653403348735001e-05,1.705720086097509e-05,22.101618493930584,0.7929198905204233
photometry,2026 JH,2461222.5,2026-7-1,7.627455805696998e-06,1.644210630238122e-06,3.8137279028485e-06,8.221053151190612e-07,8.993125322813855,0.9498542124065684
photometry,2026 JH,2461225.5,2026-7-4,5.861527362398901e-05,1.29467900906937e-05,2.9307636811994513e-05,6.473395045346852e-06,16.267950323799194,0.8259882637062962
