JD_day,logMdot,Mdot,Av,logMdot_err,Mdot_err,Av_err,logMdot_Av_cov
2443916.5,18.07291217845579,1.876641700258697e-05,13.652317596665387,0.10308485122046303,4.454427549194152e-06,0.9244374029951801,0.09382817395888837
2444098.5,18.168281817890463,2.3374966753962525e-05,14.471884750020442,0.13721884929514702,7.385509542360684e-06,1.3730282977672614,0.18543762827797297
2445450.5,17.879365207065767,1.2018060640196688e-05,5.339367637868023,0.1490422865805099,4.1243886641810205e-06,1.4856144695782953,0.21822242213509738
2445465.5,17.92394276423047,1.3317170136010411e-05,5.342848548198397,0.21017319938879464,6.4447336333270155e-06,2.037975944944068,0.4223308632821375
2445597.5,18.00238348581536,1.5953378524126168e-05,6.395662475589103,0.21066565579246474,7.738594637818026e-06,2.0106475487900366,0.41748037437735913
2445599.5,17.948744122437038,1.4099811492690783e-05,6.085495936167275,0.2103323876264478,6.828654610907862e-06,2.0291623743747786,0.42077050071909733
2445631.5,17.897174157956666,1.2521124732776036e-05,5.184783904565066,0.20999824907552705,6.05445010218896e-06,2.0476785469403733,0.42404562590881606
2446081.5,17.83937696649594,1.0960898357094112e-05,4.756288877861653,0.20960611750681288,5.290123279828157e-06,2.0692866297959447,0.42784603014059164
2446098.5,18.185604371524875,2.4326159809167693e-05,8.663753305667113,0.11841277884717298,6.632661251094735e-06,1.1080334759469357,0.12913037091713803
2446201.5,17.80150656608202,1.0045596965199447e-05,4.56702679970438,0.20933877311398985,4.8421820481728905e-06,2.083952828584369,0.4304124656553232
2446481.5,18.099850721249314,1.9967325845239134e-05,7.7186167364532325,0.10393127745816506,4.778392931507335e-06,0.9813353018710784,0.10044260447286485
2447286.5,18.21021113142355,2.5744254221558538e-05,8.117023954388403,0.10422817624780459,6.178472852368976e-06,0.9650202092025246,0.09900237204410967
2447328.5,17.958879829505022,1.4432747491076311e-05,5.320474009079658,0.21039654090782897,6.99203023398089e-06,2.025606474037125,0.42013995875944404
2447576.5,18.53039538630548,5.3810195545106e-05,12.346980549950846,0.10351968218114155,1.2826353023235922e-05,0.9045186594182408,0.09206701327586371
2447616.5,18.546019773192977,5.5781341838714595e-05,13.351457261128191,0.11085945813930542,1.4238931389187805e-05,0.9787150000633665,0.10662083097708121
2447630.5,18.390843323678443,3.9022268032790095e-05,10.620422643775239,0.11207853902071689,1.0070491274084942e-05,0.9498430967639683,0.10464990323277729
2448284.5,18.66485673447555,7.333746913335049e-05,11.830174664371727,0.10380062590273116,1.752837191207934e-05,0.8908061024002356,0.09086886982468752
2448309.5,18.57100620660266,5.9084748406338644e-05,11.909028947246101,0.10858698082472948,1.4773004745803614e-05,0.9434922496883061,0.10071824814866746
2448310.5,18.55887783590607,5.7457538914368435e-05,12.384923545042247,0.10358064204692148,1.370380932565493e-05,0.9014861714964876,0.09180175010732308
2448314.5,18.567701834656543,5.863690223347865e-05,12.593203298783596,0.10715780468602357,1.4468067126692904e-05,0.9238570470869968,0.09736663734405568
2448518.5,18.76741003657343,9.287080725062302e-05,16.768691514551094,0.11990871636141719,2.5641632000637724e-05,1.0319106279282448,0.12147616319348671
2448642.5,18.882310262224482,0.00012099834947250513,15.120591827344498,0.10570140984367253,2.9449363648259192e-05,0.8917213889251833,0.09251988195621767
2448756.5,18.80382964327577,0.0001009947566866739,13.58697935097953,0.1033806971580547,2.4041079936867322e-05,0.8631425835383056,0.08762883654838131
2448881.5,18.58021019047495,6.035029181915728e-05,13.396318091734537,0.10750221793273596,1.4938689054982167e-05,0.9529071382006474,0.10062495843544274
2449182.5,18.48833498423253,4.88432066185703e-05,10.715647261449025,0.11785933965896218,1.3255126000365248e-05,1.083202305920055,0.12540948089994775
2451319.5,18.248153191874817,2.809456912187912e-05,8.7287005269009,0.10819892882816783,6.999403426805271e-06,0.970538667295881,0.10321453367486354
2454567.5,18.2617852107719,2.899041248839513e-05,17.360942742564617,0.22100751302882,1.4752890567850153e-05,2.1822267317561335,0.4734397767117385
2455271.5,15.727290245204111,8.467582353357798e-08,4.477019575056175,0.12455615280294459,2.428512277785066e-08,2.5207248968005507,0.3128015454855957
2457209.5,17.088366494124777,1.94462416431608e-06,17.450073567702553,0.09223082582629148,4.129785204975018e-07,1.1064655258623746,0.10092852040434414
2457219.5,17.003562040171172,1.5996730349260894e-06,15.3137039486201,0.1609619837750027,5.92884680377871e-07,1.8922931271360872,0.30242746049489994
2457226.5,17.14066833787834,2.193499409561605e-06,18.8398045310602,0.0925979223719942,4.6768608976903463e-07,1.0923430419313898,0.1000077979078192
2457546.5,16.77936693295855,9.546322830291464e-07,11.961671435670036,0.08934014943136032,1.96380553683443e-07,1.197652345533513,0.10597497064936819
2457610.5,16.86467269639267,1.1618281113170091e-06,11.086869778469769,0.08906632822598207,2.3827096179358283e-07,1.1528839422089538,0.10167651916493711
2457626.5,16.8443139775134,1.1086211545337035e-06,10.546866639965746,0.09423996048814894,2.405658329843956e-07,1.2292544811457986,0.11471893826805027
2457786.5,16.55161987776318,5.650528395593575e-07,9.430400034099957,0.08697550860586512,1.1316229000766275e-07,1.267019523670051,0.10927919864654105
2457815.5,16.595255727539985,6.247768246036606e-07,9.99535096700172,0.08685177557586986,1.2494512091813765e-07,1.245183890804872,0.10721679774029931
2457846.5,16.5921873813552,6.203782527841311e-07,9.754203375227947,0.08626845043577103,1.2323221404332866e-07,1.2381700135915303,0.10589877642946284
2457876.5,16.60602741773543,6.404667699717957e-07,9.438884859970765,0.08639284644226071,1.2740605652426957e-07,1.2330110596694592,0.10560411495575439
2457908.5,16.721564664178935,8.356681461826995e-07,10.098623804688453,0.08998141842108982,1.7314197682942956e-07,1.2295486440175278,0.10962008572348858
2457942.5,16.531680089459176,5.396960921472284e-07,8.298693923135875,0.0854490465568246,1.0618720344390248e-07,1.2553525199731,0.10637922069480919
2457971.5,16.406492903935415,4.045405754445991e-07,6.984742888747352,0.0842201332940676,7.84501360401647e-08,1.3021218199225808,0.1088099742839876
2458002.5,16.371046788880662,3.728343971024473e-07,6.478444567336303,0.0839545743574615,7.207356855510251e-08,1.3187962535302564,0.10986529667147175
2458032.5,16.490290823461756,4.906366737654668e-07,7.730528675074361,0.08684439645572256,9.81109537138841e-08,1.295595074683737,0.11160791861875843
2458151.5,16.51978220537576,5.25111330540413e-07,6.694038146101894,0.08576819894909578,1.0370348909532695e-07,1.267933095726861,0.10784494996401661
2458179.5,16.7016652199882,7.982416861124648e-07,8.169653262463926,0.0879071723890438,1.6157508886986397e-07,1.2087721690310578,0.10529919245869072
2458210.5,16.711625627644143,8.167606603768573e-07,7.919570310219283,0.0876723736371828,1.6488200696195822e-07,1.2013800925361908,0.10436940201295651
2458240.5,16.616378062323893,6.559145219420453e-07,7.43708224109708,0.08720377398526961,1.3170377268996106e-07,1.2385643972501699,0.10707449664922104
2458271.5,16.715793551902554,8.246368460787929e-07,8.146910046957162,0.0882415510232193,1.6755274902410312e-07,1.2061877440907032,0.10546968806500877
2458309.5,16.872753451367053,1.1836481818234051e-06,9.862014193284535,0.08916646975252897,2.43018813731334e-07,1.1510938919793527,0.1016276602290459
2458338.5,16.752405589930778,8.971700638018495e-07,9.904531025650803,0.08949456645983118,1.8487880745989377e-07,1.205973620655073,0.10693265499813691
2458406.5,16.650689945005873,7.098378105625506e-07,10.276740593030832,0.08910449640789632,1.4563790993676496e-07,1.2536423126850182,0.11070456963460654
2458521.5,17.166989158154937,2.3305495563285816e-06,13.695467893777389,0.09148325253629994,4.909255412954235e-07,1.0703971539560875,0.09680395061929987
2458549.5,17.4666670872759,4.646610518920826e-06,16.18292317234638,0.09315903237701707,9.96728620355727e-07,0.9987694259195924,0.0918199442348896
2458580.5,17.426111139667235,4.232337804075242e-06,16.150674614522348,0.09328392187868732,9.090814770414743e-07,1.0107073462844889,0.0930668816875639
2458611.5,17.64720017377963,7.0415676780474935e-06,18.398856274254538,0.09410753782848216,1.5258416218636053e-06,0.9631945466405751,0.08935461314821853
2458643.5,17.701481620703706,7.979042983853023e-06,19.74249779023183,0.09554405946197976,1.7553761078382185e-06,0.9656258190376961,0.09091617427131517
2458674.5,17.921309506670138,1.323666844316125e-05,21.429726807676037,0.09469331149583549,2.886115344045726e-06,0.9113829001365976,0.08493547861363542
2459310.5,19.073264764741726,0.00018781658890807686,27.79254449641456,0.10963789053622551,4.741440537155675e-05,0.916305239811555,0.09822756508038476
2459340.5,18.925080387305155,0.00013352099844803747,21.610941986962995,0.11689861873750913,3.593971588730843e-05,0.9282808945963329,0.10657209317373133
2459370.5,18.91765931449605,0.0001312588208372567,18.831428502852095,0.09941204903251981,3.004576129044847e-05,0.8175530663133063,0.07961871800190082
2459401.5,18.99988767488919,0.0001586196031015327,19.05627032261922,0.11079191496661525,4.046509986000282e-05,0.8907240002625664,0.09673199921475416
2459431.5,18.996377412787016,0.00015734269940564203,18.563699259354465,0.13237596821266123,4.795914533322471e-05,1.016003729377295,0.13241936525083461
2460147.5,18.976346390143647,0.00015025037828713078,24.18004919880674,0.09890358264682113,3.421710688451211e-05,0.8136429571787869,0.07878716227689123
2460188.5,19.014876059608756,0.00016418944829864858,23.419876557350317,0.0976093361476906,3.690220281098777e-05,0.7984575220211739,0.07630094039596456
2460364.5,18.72768114500989,8.475207286448569e-05,23.58520638745225,0.0979856277144013,1.9121783503510655e-05,0.8263264267487588,0.07936531417549476
2460545.5,18.842576952737776,0.00011041959164609628,18.483938655631256,0.09824608197619265,2.4979116025371876e-05,0.8195492793029208,0.0788748802161606
2460566.5,18.86543902446894,0.00011638800081761793,20.18233956277056,0.0982356053472677,2.6326481666013954e-05,0.8151249554826417,0.07844486763318996
2460575.5,18.762079643539654,9.173790700388871e-05,17.66356810527708,0.09702030593779652,2.0494020012884183e-05,0.815021551422482,0.07749580477272634
2460594.5,18.601864010900183,6.343562087326913e-05,15.351000289704679,0.09774463326771886,1.427715929337788e-05,0.837738493259486,0.08030779547765661
2460737.5,18.454455858949682,4.5177796299322486e-05,9.55332102293347,0.09585141681161917,9.97101267494682e-06,0.8390012922769859,0.07892422636070189
2460766.5,18.520414462403703,5.258763578002147e-05,10.093571683789783,0.095945707775463,1.1617826487319786e-05,0.8316075014916062,0.0782822356440253
2460781.5,18.674055292433867,7.490735743448223e-05,11.29608846237806,0.0966417058936192,1.6668815994913146e-05,0.8219548408286117,0.07787329433203313
2460812.5,18.407170146360603,4.051719115081378e-05,11.872264715380005,0.09590616773012514,8.947496899878046e-06,0.8455224242884638,0.07960121170000649
2460816.5,18.545153469894302,5.567018363136234e-05,13.292402638654847,0.09596365118896831,1.2301132771049073e-05,0.8286932846900571,0.07801442109711487
2460840.5,18.49722051278221,4.9852816197877605e-05,16.731522774984434,0.09657441582653266,1.108581113100596e-05,0.840666047358905,0.0796580166399102
2460847.5,18.5640171907013,5.814151909928338e-05,17.08673411147857,0.09648149370842415,1.2916536688636501e-05,0.8319052491443172,0.07872792466929222
2460856.5,18.857323431533203,0.00011423327172699888,18.142830034268258,0.09657497059004767,2.5402291111535392e-05,0.8020772626653987,0.07588678661959727
2460858.5,18.66319595072299,7.305755516753147e-05,17.934408012427156,0.09662122449475585,1.6253741949345304e-05,0.8229237904457289,0.07795228703211125
2460861.5,18.846948406678873,0.00011153664853873583,18.333332367215384,0.0964427533472509,2.4768681004325164e-05,0.8019201591805893,0.07577117725663318
2460902.5,18.418916527218617,4.1628015843355675e-05,15.942695703404484,0.11173404438442536,1.070993706734048e-05,0.9829674024153382,0.10780912068424152
2461102.5,18.374069557511383,3.754384441660926e-05,13.36856749448775,0.11162238084502937,9.649520024965138e-06,0.9887881658419557,0.10836317419619329
2461165.5,18.984415413771117,0.00015306806697477796,22.101618493930584,0.09679155629315572,3.411440172195017e-05,0.7929198905204233,0.07515201194368916
2461222.5,17.681910516011794,7.627455805696998e-06,8.993125322813855,0.0936185829180078,1.644210630238122e-06,0.9498542124065685,0.08764260475041194
2461225.5,18.567541612711143,5.861527362398901e-05,16.267950323799194,0.09592584231231514,1.29467900906937e-05,0.8259882637062962,0.07772016894344448
