JD,Date,Filter,Lambda,Mag,Magerr,ZP,Flux,Fluxerr,Flag,Interpolated,JD_day
2444098.5,1979-8-13,J,1.25,11.96,0.08,1650.0,0.0271321,0.0019992,1,no,2444098.5
2444098.5,1979-8-13,H,1.65,9.87,0.03,980.0,0.1206101,0.0033326,1,no,2444098.5
2444098.5,1979-8-13,K,2.2,8.19,0.01,620.0,0.3564637,0.0032832,1,no,2444098.5
2444098.5,1979-8-13,L,3.6,6.18,0.03,269.0,0.9073031,0.0250697,1,no,2444098.5
2445450.5,1983-4-26,J,1.25,10.075,0.065,1650.0,0.1555954,0.0097828,1,no,2445450.5
2445450.5,1983-4-26,H,1.65,8.8,0.06,980.0,0.3107692,0.0160418,1,no,2445450.5
2445450.5,1983-4-26,K,2.2,7.615,0.055,620.0,0.5811304,0.0290051,1,no,2445450.5
2445450.5,1983-4-26,L,3.6,5.932000001728,0.044721360310258904,274.5,1.1230086886102253,0.04662690757550907,1,averaged,2445450.5
2445450.5,1983-4-26,M,4.8,5.4,0.24,163.0,1.0930927,0.2416261,1,no,2445450.5
2445599.5,1983-9-22,J,1.25,10.12,0.1,1650.0,0.149526,0.0137719,1,no,2445599.5
2445599.5,1983-9-22,H,1.65,8.73,0.1,980.0,0.3156649,0.0290738,1,no,2445599.5
2445599.5,1983-9-22,K,2.2,7.7,0.1,620.0,0.5156936,0.0474971,1,no,2445599.5
2445599.5,1983-9-22,L,3.5,6.34,0.1,280.0,0.8150007,0.0750643,1,no,2445599.5
2445631.5,1983-10-24,J,1.25,9.99,0.1,1650.0,0.1685452,0.0155236,1,no,2445631.5
2445631.5,1983-10-24,H,1.65,8.68,0.1,980.0,0.3305415,0.030444,1,no,2445631.5
2445631.5,1983-10-24,K,2.2,7.61,0.1,620.0,0.5602624,0.0516021,1,no,2445631.5
2445631.5,1983-10-24,L,3.5,6.25,0.1,280.0,0.8854377,0.0815518,1,no,2445631.5
2446081.5,1985-1-16,J,1.25,10.01,0.1,1650.0,0.1654689,0.0152402,1,no,2446081.5
2446081.5,1985-1-16,H,1.65,8.73,0.1,980.0,0.3156649,0.0290738,1,no,2446081.5
2446081.5,1985-1-16,K,2.2,7.79,0.1,620.0,0.47467,0.0437187,1,no,2446081.5
2446081.5,1985-1-16,L,3.5,6.74,0.1,280.0,0.563843,0.0519319,1,no,2446081.5
2446081.5,1985-1-16,N,10.1,2.4,0.1,37.0,4.0569692,0.3736607,1,no,2446081.5
2446081.5,1985-1-16,Q,20.0,0.0,0.1,10.0,10.0,0.9210341,1,no,2446081.5
2446098.5,1985-2-2,J,1.25,10.24,0.04,1650.0,0.1272262,0.0046872,1,no,2446098.5
2446098.5,1985-2-2,H,1.65,8.79,0.03,980.0,0.3273439,0.0090448,1,no,2446098.5
2446098.5,1985-2-2,K,2.2,7.73,0.03,620.0,0.5283396,0.0145986,1,no,2446098.5
2446098.5,1985-2-2,L,3.8,6.07,0.04,253.0,0.9443224,0.0347901,1,no,2446098.5
2446098.5,1985-2-2,M,4.8,5.62,0.25,163.0,0.8474057,0.1951224,1,no,2446098.5
2446201.5,1985-5-16,J,1.25,10.05,0.1,1650.0,0.1594838,0.014689,1,no,2446201.5
2446201.5,1985-5-16,H,1.65,8.78,0.1,980.0,0.3014576,0.0277653,1,no,2446201.5
2446201.5,1985-5-16,K,2.2,7.77,0.1,620.0,0.4834946,0.0445315,1,no,2446201.5
2446201.5,1985-5-16,L,3.5,6.41,0.1,280.0,0.764114,0.0703775,1,no,2446201.5
2446481.5,1986-2-20,J,1.25,10.17,0.02,1650.0,0.135699,0.0024997,1,no,2446481.5
2446481.5,1986-2-20,H,1.65,8.8,0.01,980.0,0.3243427,0.0029873,1,no,2446481.5
2446481.5,1986-2-20,K,2.2,7.75,0.01,620.0,0.5186962,0.0047774,1,no,2446481.5
2446481.5,1986-2-20,L,3.8,6.0,0.03,253.0,1.007211,0.0278303,1,no,2446481.5
2446481.5,1986-2-20,M,4.8,5.11,0.19,163.0,1.3554738,0.2372031,1,no,2446481.5
2447286.5,1988-5-5,J,1.25,10.03,0.02,1650.0,0.1543749,0.0028437,1,no,2447286.5
2447286.5,1988-5-5,H,1.65,8.64,0.01,980.0,0.375841,0.0034616,1,no,2447286.5
2447286.5,1988-5-5,K,2.2,7.51,0.01,620.0,0.647013,0.0059592,1,no,2447286.5
2447286.5,1988-5-5,L,3.8,5.7,0.02,253.0,1.327763,0.0244583,1,no,2447286.5
2447286.5,1988-5-5,M,4.8,4.93,0.08,163.0,1.5998943,0.1178846,1,no,2447286.5
2447328.5,1988-6-16,V,0.55,16.72,0.05,3640.0,0.0007466,3.44e-05,1,no,2447328.5
2447328.5,1988-6-16,J,1.25,9.88,0.1,1650.0,0.1865161,0.0171788,1,no,2447328.5
2447328.5,1988-6-16,H,1.65,8.57,0.1,980.0,0.3657852,0.0336901,1,no,2447328.5
2447328.5,1988-6-16,K,2.2,7.48,0.1,620.0,0.6315265,0.0581657,1,no,2447328.5
2447328.5,1988-6-16,L,3.5,6.08,0.1,280.0,1.0355191,0.0953748,1,no,2447328.5
2447328.5,1988-6-16,N,10.1,2.04,0.1,37.0,5.6519947,0.520568,1,no,2447328.5
2447576.5,1989-2-19,J,1.25,10.52,0.01,1650.0,0.0983053,0.0009054,1,no,2447576.5
2447576.5,1989-2-19,H,1.65,8.75,0.01,980.0,0.3396286,0.0031281,1,no,2447576.5
2447576.5,1989-2-19,K,2.2,7.31,0.01,620.0,0.777881,0.0071645,1,no,2447576.5
2447576.5,1989-2-19,L,3.8,5.25,0.01,253.0,2.0096498,0.0185096,1,no,2447576.5
2447576.5,1989-2-19,M,4.8,4.44,0.05,163.0,2.5124142,0.115701,1,no,2447576.5
2447616.5,1989-3-31,J,1.25,10.77,0.03,1650.0,0.0780867,0.0021576,1,no,2447616.5
2447616.5,1989-3-31,H,1.65,8.9,0.02,980.0,0.2958042,0.0054489,1,no,2447616.5
2447616.5,1989-3-31,K,2.2,7.34,0.01,620.0,0.7566814,0.0069693,1,no,2447616.5
2447616.5,1989-3-31,L,3.8,5.26,0.09,253.0,1.9912254,0.1650588,1,no,2447616.5
2447616.5,1989-3-31,W2,4.6,4.7,0.2,171.79,1.9773852,0.3642478,1,no,2447616.5
2447630.5,1989-4-14,J,1.2,10.57,0.03,1600.0,0.0946498,0.0026153,1,no,2447630.5
2447630.5,1989-4-14,H,1.6,8.77,0.03,1020.0,0.316665,0.0087498,1,no,2447630.5
2447630.5,1989-4-14,K,2.2,7.29,0.03,620.0,0.7971963,0.0220273,1,no,2447630.5
2447630.5,1989-4-14,L,3.5,5.57,0.05,280.0,1.7155281,0.079003,1,no,2447630.5
2447630.5,1989-4-14,M,4.8,4.4,0.05,163.0,2.8326147,0.1304467,1,no,2447630.5
2448284.5,1991-1-28,J,1.25,10.09,0.01,1650.0,0.1460753,0.0013454,1,no,2448284.5
2448284.5,1991-1-28,H,1.65,8.39,0.01,980.0,0.4731557,0.0043579,1,no,2448284.5
2448284.5,1991-1-28,K,2.2,7.01,0.01,620.0,1.0254465,0.0094447,1,no,2448284.5
2448284.5,1991-1-28,L,3.8,4.97,0.02,253.0,2.6008818,0.04791,1,no,2448284.5
2448284.5,1991-1-28,W2,4.6,4.3,0.06,171.79,2.8581901,0.1579494,1,no,2448284.5
2448309.5,1991-2-22,J,1.25,10.31,0.02,1650.0,0.1192825,0.0021973,1,no,2448309.5
2448309.5,1991-2-22,H,1.65,8.59,0.02,980.0,0.3935539,0.0072495,1,no,2448309.5
2448309.5,1991-2-22,K,2.2,7.14,0.02,620.0,0.9097315,0.0167579,1,no,2448309.5
2448309.5,1991-2-22,L,3.8,5.01,0.02,253.0,2.5068038,0.046177,1,no,2448309.5
2448309.5,1991-2-22,W2,4.6,4.21,0.09,171.79,3.1052117,0.2574005,1,no,2448309.5
2448310.5,1991-2-23,J,1.25,10.47,0.01,1650.0,0.1029382,0.0009481,1,no,2448310.5
2448310.5,1991-2-23,H,1.65,8.7,0.01,980.0,0.3556348,0.0032755,1,no,2448310.5
2448310.5,1991-2-23,K,2.2,7.21,0.01,620.0,0.8529295,0.0078558,1,no,2448310.5
2448310.5,1991-2-23,L,3.8,5.07,0.01,253.0,2.3720312,0.0218472,1,no,2448310.5
2448310.5,1991-2-23,W2,4.6,4.43,0.03,171.79,2.5356617,0.0700629,1,no,2448310.5
2448314.5,1991-2-27,J,1.25,10.51,0.01,1650.0,0.0992149,0.0009138,1,no,2448314.5
2448314.5,1991-2-27,H,1.65,8.72,0.02,980.0,0.3491437,0.0064315,1,no,2448314.5
2448314.5,1991-2-27,K,2.2,7.24,0.01,620.0,0.8296851,0.0076417,1,no,2448314.5
2448314.5,1991-2-27,L,3.8,5.02,0.02,253.0,2.4838216,0.0457537,1,no,2448314.5
2448314.5,1991-2-27,W2,4.6,4.3,0.06,171.79,2.8581901,0.1579494,1,no,2448314.5
2448518.5,1991-9-19,J,1.25,11.27,0.04,1650.0,0.0492693,0.0018151,1,no,2448518.5
2448518.5,1991-9-19,H,1.65,9.08,0.03,980.0,0.2506134,0.0069247,1,no,2448518.5
2448518.5,1991-9-19,K,2.2,7.26,0.03,620.0,0.8145414,0.0225066,1,no,2448518.5
2448518.5,1991-9-19,L,3.8,4.82,0.04,253.0,2.9862106,0.1100161,1,no,2448518.5
2448518.5,1991-9-19,W2,4.6,4.07,0.04,171.79,3.5325727,0.1301448,1,no,2448518.5
2448642.5,1992-1-21,J,1.25,10.57,0.02,1650.0,0.0938808,0.0017293,1,no,2448642.5
2448642.5,1992-1-21,H,1.65,8.56,0.01,980.0,0.4045796,0.0037263,1,no,2448642.5
2448642.5,1992-1-21,K,2.2,6.95,0.01,620.0,1.0837103,0.0099813,1,no,2448642.5
2448642.5,1992-1-21,L,3.8,4.66,0.01,253.0,3.4603543,0.031871,1,no,2448642.5
2448642.5,1992-1-21,W2,4.6,4.05,0.09,171.79,3.5982482,0.2982698,1,no,2448642.5
2448881.5,1992-9-16,J,1.25,10.71,0.03,1650.0,0.0825234,0.0022802,1,no,2448881.5
2448881.5,1992-9-16,H,1.65,8.84,0.01,980.0,0.312611,0.0028793,1,no,2448881.5
2448881.5,1992-9-16,K,2.2,7.15,0.01,620.0,0.9013907,0.0083021,1,no,2448881.5
2448881.5,1992-9-16,L,3.8,4.73,0.02,253.0,3.2442958,0.0597621,1,no,2448881.5
2448881.5,1992-9-16,W2,4.6,4.6,0.05,171.79,2.1681595,0.0998474,1,no,2448881.5
2449182.5,1993-7-14,J,1.25,10.15,0.05,1650.0,0.1382219,0.0063654,1,no,2449182.5
2449182.5,1993-7-14,H,1.65,8.54,0.02,980.0,0.4121015,0.0075912,1,no,2449182.5
2449182.5,1993-7-14,K,2.2,7.1,0.02,620.0,0.9438724,0.0173868,1,no,2449182.5
2449182.5,1993-7-14,L,3.8,4.83,0.02,253.0,2.9588332,0.0545037,1,no,2449182.5
2449182.5,1993-7-14,M,4.8,4.07,0.05,163.0,3.5325727,0.162681,1,no,2449182.5
2457226.5,2015-7-23,J,1.235,15.954,0.0,1594.0,0.000662,0.0,1,no,2457226.5
2457226.5,2015-7-23,H,1.662,12.938,0.0,1024.0,0.0068407,0.0,1,no,2457226.5
2457226.5,2015-7-23,K,2.159,10.509,0.0,666.8,0.0417249,0.0,1,no,2457226.5
2457226.5,2015-7-23,L,3.353,7.16,0.0,309.54,0.4233667,0.0,1,no,2457226.5
2460147.5,2023-7-22,J,1.235,13.077,0.015,1594.0,0.0093689,0.0001294,1,no,2460147.5
2460147.5,2023-7-22,H,1.662,9.911,0.0,1024.0,0.1111476,0.0,1,no,2460147.5
2460147.5,2023-7-22,K,2.159,7.573,0.006,666.8,0.6234412,0.0034453,1,no,2460147.5
2460147.5,2023-7-22,L,3.353,5.136,0.0,309.54,2.730968,0.0,1,no,2460147.5
2460147.5,2023-7-22,W2,4.603,3.897,0.0,171.79,4.7445798,0.0,1,no,2460147.5
2460766.5,2025-4-1,O,0.663,15.398,0.01,3631.0,0.0025168,2.26e-05,1,no,2460766.5
2460766.5,2025-4-1,Ic,0.783,13.708,0.0,2452.02,0.0080598,0.0,1,no,2460766.5
2460766.5,2025-4-1,I,0.801,13.776,0.003,2408.32,0.0074356,2.05e-05,1,no,2460766.5
2460766.5,2025-4-1,J,1.235,9.972,0.004,1594.0,0.1635642,0.0006026,1,no,2460766.5
2460766.5,2025-4-1,H,1.662,8.289,0.004,1024.0,0.4951081,0.001824,1,no,2460766.5
2460766.5,2025-4-1,K,2.159,6.681,0.005,666.8,1.4177359,0.0065289,1,no,2460766.5
2460766.5,2025-4-1,L,3.353,4.412,0.148,309.54,5.3200622,0.7251939,1,no,2460766.5
2460766.5,2025-4-1,W2,4.603,3.666,0.0,171.79,5.8683748,0.0,1,no,2460766.5
2460781.5,2025-4-16,Ic,0.783,13.593,0.0,2452.02,0.0089603,0.0,1,no,2460781.5
2460781.5,2025-4-16,J,1.235,9.992,0.009,1594.0,0.1605789,0.0013311,1,no,2460781.5
2460781.5,2025-4-16,H,1.662,8.199,0.005,1024.0,0.5378979,0.0024771,1,no,2460781.5
2460781.5,2025-4-16,K,2.159,6.688,0.005,666.8,1.4086249,0.006487,1,no,2460781.5
2460781.5,2025-4-16,L,3.353,4.176,0.1,309.54,6.6117554,0.6089652,1,no,2460781.5
2460781.5,2025-4-16,W2,4.603,3.797,0.0,171.79,5.204246,0.0,1,no,2460781.5
2460816.5,2025-5-21,V,0.518,19.002,0.187,3631.0,9.19e-05,1.6e-05,1,no,2460816.5
2460816.5,2025-5-21,J,1.235,10.839,0.003,1594.0,0.0736018,0.0002034,1,no,2460816.5
2460816.5,2025-5-21,H,1.662,8.81,0.004,1024.0,0.3064078,0.0011288,1,no,2460816.5
2460816.5,2025-5-21,K,2.159,7.103,0.004,666.8,0.9611595,0.003541,1,no,2460816.5
2460816.5,2025-5-21,L,3.353,4.14,0.01,309.54,6.8346581,0.0629495,1,no,2460816.5
2460856.5,2025-6-30,O,0.663,17.938,0.078,3631.0,0.0002649,1.68e-05,1,no,2460856.5
2460856.5,2025-6-30,J,1.235,11.582,0.004,1594.0,0.0371269,0.0001368,1,no,2460856.5
2460856.5,2025-6-30,H,1.662,9.063,0.004,1024.0,0.2427168,0.0008942,1,no,2460856.5
2460856.5,2025-6-30,K,2.159,6.822,0.004,666.8,1.245075,0.004587,1,no,2460856.5
2460856.5,2025-6-30,L,3.353,4.566,0.013,309.54,4.6165414,0.0552759,1,no,2460856.5
2461165.5,2026-5-5,J,1.235,12.463,0.004,1594.0,0.0164926,6.08e-05,1,no,2461165.5
2461165.5,2026-5-5,H,1.662,9.525,0.004,1024.0,0.1585988,0.0005843,1,no,2461165.5
2461165.5,2026-5-5,K,2.159,7.184,0.003,666.8,0.8920631,0.0024649,1,no,2461165.5
2461165.5,2026-5-5,L,3.353,4.542,0.009,309.54,4.7197261,0.0391233,1,no,2461165.5
