JD_day,logMdot,Mdot,Av,logMdot_err,Mdot_err,Av_err,T_bb,T_bb_err,logR_bb,logR_bb_err,R_bb,R_bb_err
2457209.599,16.940135213360747,1.3823066499762853e-06,15.91632346433,0.1,3.182878686181933e-07,0.1,650.0000000000001,0.1,11.961052592928343,0.1,914223947006.0448,210507843203.42975
2457225.7462704,17.27618811064244,2.996796788368883e-06,20.70408692894285,0.1,6.900379611630623e-07,0.1,650.0000000000001,0.1,12.030761685882151,0.1,1073400234631.3276,247159537907.84064
2460147.7922115,19.135317631498793,0.00021666402930072058,25.969821362181037,0.1,4.988873640558644e-05,0.1,975.7543385961689,0.1,11.880826266400309,0.1,760022179585.022,175001574105.73154
2460364.85,18.58247996995015,6.066652986063597e-05,22.521682150989115,0.1,1.3968984730077854e-05,0.1,706.697456672807,0.1,12.475955407683099,0.1,2991957413817.0127,688923653992.8071
2460565.7374397,18.82944381871041,0.00010713046813244999,20.06224713427404,0.1,2.4667701892725307e-05,0.1,737.183716928913,0.1,12.313535319874632,0.1,2058426289404.3845,473970168900.95844
2460594.478,18.447487922453945,4.445873551281004e-05,14.289965867065659,0.1,1.023700216451614e-05,0.1,690.6827497902841,0.1,12.475955407709659,0.1,2991957413999.9917,688923654034.9396
2460766.1298276,18.552153349001284,5.657473559873236e-05,10.761553175636028,0.1,1.3026814282972071e-05,0.1,890.5241519181023,0.1,11.925132760506518,0.1,841652389031.7461,193797624446.73242
2460781.0366671,18.630673238454865,6.778637696268114e-05,11.032765513738957,0.1,1.560839011023446e-05,0.1,889.0173847191418,0.1,11.94337025973379,0.1,877748830992.6971,202109137363.67346
2460847.8498597,18.7768693445172,9.491580348105726e-05,18.998665937818352,0.1,2.1855171418503483e-05,0.1,888.5980535167197,0.1,11.973678827817132,0.1,941193301908.6465,216717766660.0694
2460861.8192732,18.804432686888383,0.00010113509129745012,17.817976782963818,0.1,2.3287215360010054e-05,0.1,711.300895114499,0.1,12.475955407709659,0.1,2991957413999.9917,688923654034.9396
2461225.8110455,18.68158992633875,7.621827409871167e-05,17.14789920685102,0.1,1.7549906175342772e-05,0.1,840.7428034748763,0.1,12.024868581536596,0.1,1058933241167.252,243828389558.75836
