key,value
n_days,11
n_data_points,9641
dof,9619
lambda_reg,0
required_filters,[]
fit_filters,[]
photometric_wavelength_source,row Lambda with filter-table fallback
stellar_mass_solar,0.5
param_names,"[""logMdot"", ""Av""]"
regularize_params,"[""logMdot"", ""Av""]"
data_mode,spectral
evaluate_only,False
uncertainty_method,"local weighted model Jacobian, absolute measurement errors; no parameter-error floor"
uncertainty_diagnostics,"[{""JD"": 2457225.7462704, ""rank"": 2, ""parameters"": 2, ""condition"": 23.57157441529101}]"
AR_mode,False
AR_method,
AR_mcmc_chains,
AR_mcmc_steps,
AR_mcmc_burn_in,
AR_mcmc_thin,
two_filter_direct_solver,False
red_excess_mode,False
red_excess_fit_param,
spectral_rede_threshold_micron,
spectral_rede_joint_refine,
spectral_rede_independent_joint_refine,
spectral_rede_independent_diagnostics,[]
spectral_rede_max_blue_bb_fraction,
spectral_rede_blue_penalty_weight,
spectral_rede_stage_info,{}
fixed_T_bb,1500.0
fixed_R_bb,299195741400.0
optimizer_method,L-BFGS-B
optimizer_maxiter,1000000
optimizer_maxfun,1000000
optimizer_ftol,1e-15
optimizer_gtol,1e-10
mdot_bounds_msun_per_year,"[1e-09, 0.002]"
av_bounds,"[0.1, 40]"
bb_temperature_bounds,"[650, 10000]"
bb_radius_bounds_au,"[0.05, 20]"
spectral_red_min_micron,3.3
excluded_red_epochs,[]
local_solver_max_nfev,100000
local_solver_ftol,1e-14
local_solver_gtol,1e-14
optimizer_nfev,912
optimizer_nit,16
optimizer_message,CONVERGENCE: RELATIVE REDUCTION OF F <= FACTR*EPSMCH
bound_expansion_history,[]
bound_expansion_objectives,[4608.785328983837]
independent_epoch_fits,True
epoch_diagnostics,"[{""JD"": [2457225.7462704, 2460147.7922115, 2460565.7374397, 2460766.1298276, 2460781.0366671, 2460847.8498597, 2460861.8192732, 2461225.8110455], ""success"": true, ""info"": {""n_days"": 8, ""n_data_points"": 9365, ""dof"": 9349, ""lambda_reg"": 0, ""required_filters"": [], ""fit_filters"": [], ""photometric_wavelength_source"": ""row Lambda with filter-table fallback"", ""stellar_mass_solar"": 0.5, ""param_names"": [""logMdot"", ""Av""], ""regularize_params"": [""logMdot"", ""Av""], ""data_mode"": ""spectral"", ""evaluate_only"": false, ""uncertainty_method"": ""local weighted model Jacobian, absolute measurement errors; no parameter-error floor"", ""uncertainty_diagnostics"": [{""JD"": 2457225.7462704, ""rank"": 2, ""parameters"": 2, ""condition"": 23.57157441529101}], ""AR_mode"": false, ""AR_method"": null, ""AR_mcmc_chains"": null, ""AR_mcmc_steps"": null, ""AR_mcmc_burn_in"": null, ""AR_mcmc_thin"": null, ""two_filter_direct_solver"": false, ""red_excess_mode"": false, ""red_excess_fit_param"": null, ""spectral_rede_threshold_micron"": null, ""spectral_rede_joint_refine"": null, ""spectral_rede_independent_joint_refine"": null, ""spectral_rede_independent_diagnostics"": [], ""spectral_rede_max_blue_bb_fraction"": null, ""spectral_rede_blue_penalty_weight"": null, ""spectral_rede_stage_info"": {}, ""fixed_T_bb"": 1500.0, ""fixed_R_bb"": 299195741400.0, ""optimizer_method"": ""L-BFGS-B"", ""optimizer_maxiter"": 1000000, ""optimizer_maxfun"": 1000000, ""optimizer_ftol"": 1e-15, ""optimizer_gtol"": 1e-10, ""mdot_bounds_msun_per_year"": [1e-09, 0.002], ""av_bounds"": [0.1, 40], ""bb_temperature_bounds"": [650, 10000], ""bb_radius_bounds_au"": [0.05, 20], ""spectral_red_min_micron"": 3.3, ""excluded_red_epochs"": [], ""local_solver_max_nfev"": 100000, ""local_solver_ftol"": 1e-14, ""local_solver_gtol"": 1e-14, ""optimizer_nfev"": 597, ""optimizer_nit"": 16, ""optimizer_message"": ""CONVERGENCE: RELATIVE REDUCTION OF F <= FACTR*EPSMCH"", ""bound_expansion_history"": [], ""bound_expansion_objectives"": [4608.785328983837], ""independent_epoch_fits"": true, ""epoch_diagnostics"": [{""JD"": [2457225.7462704], ""success"": true, ""info"": {""n_days"": 1, ""n_data_points"": 1189, ""dof"": 1187, ""lambda_reg"": 0, ""required_filters"": [], ""fit_filters"": [], ""photometric_wavelength_source"": ""row Lambda with filter-table fallback"", ""stellar_mass_solar"": 0.5, ""param_names"": [""logMdot"", ""Av""], ""regularize_params"": [""logMdot"", ""Av""], ""data_mode"": ""spectral"", ""evaluate_only"": false, ""uncertainty_method"": ""local weighted model Jacobian, absolute measurement errors; no parameter-error floor"", ""uncertainty_diagnostics"": [{""JD"": 2457225.7462704, ""rank"": 2, ""parameters"": 2, ""condition"": 23.57157441529101}], ""AR_mode"": false, ""AR_method"": null, ""AR_mcmc_chains"": null, ""AR_mcmc_steps"": null, ""AR_mcmc_burn_in"": null, ""AR_mcmc_thin"": null, ""two_filter_direct_solver"": false, ""red_excess_mode"": false, ""red_excess_fit_param"": null, ""spectral_rede_threshold_micron"": null, ""spectral_rede_joint_refine"": null, ""spectral_rede_independent_joint_refine"": null, ""spectral_rede_independent_diagnostics"": null, ""spectral_rede_max_blue_bb_fraction"": null, ""spectral_rede_blue_penalty_weight"": null, ""spectral_rede_stage_info"": {}, ""fixed_T_bb"": 1500.0, ""fixed_R_bb"": 299195741400.0, ""optimizer_method"": ""L-BFGS-B"", ""optimizer_maxiter"": 1000000, ""optimizer_maxfun"": 1000000, ""optimizer_ftol"": 1e-15, ""optimizer_gtol"": 1e-10, ""mdot_bounds_msun_per_year"": [1e-09, 0.002], ""av_bounds"": [0.1, 40], ""bb_temperature_bounds"": [650, 10000], ""bb_radius_bounds_au"": [0.05, 20], ""spectral_red_min_micron"": 3.3, ""excluded_red_epochs"": [], ""local_solver_max_nfev"": 100000, ""local_solver_ftol"": 1e-14, ""local_solver_gtol"": 1e-14, ""optimizer_nfev"": 66, ""optimizer_nit"": 16, ""optimizer_message"": ""CONVERGENCE: RELATIVE REDUCTION OF F <= FACTR*EPSMCH"", ""bound_expansion_history"": [], ""bound_expansion_objectives"": [4608.785328983837]}}, {""JD"": [2460147.7922115], ""success"": true, ""info"": {""n_days"": 1, ""n_data_points"": 1168, ""dof"": 1166, ""lambda_reg"": 0, ""required_filters"": [], ""fit_filters"": [], ""photometric_wavelength_source"": ""row Lambda with filter-table fallback"", ""stellar_mass_solar"": 0.5, ""param_names"": [""logMdot"", ""Av""], ""regularize_params"": [""logMdot"", ""Av""], ""data_mode"": ""spectral"", ""evaluate_only"": false, ""uncertainty_method"": ""local weighted model Jacobian, absolute measurement errors; no parameter-error floor"", ""uncertainty_diagnostics"": [{""JD"": 2460147.7922115, ""rank"": 2, ""parameters"": 2, ""condition"": 14.978304720332837}], ""AR_mode"": false, ""AR_method"": null, ""AR_mcmc_chains"": null, ""AR_mcmc_steps"": null, ""AR_mcmc_burn_in"": null, ""AR_mcmc_thin"": null, ""two_filter_direct_solver"": false, ""red_excess_mode"": false, ""red_excess_fit_param"": null, ""spectral_rede_threshold_micron"": null, ""spectral_rede_joint_refine"": null, ""spectral_rede_independent_joint_refine"": null, ""spectral_rede_independent_diagnostics"": null, ""spectral_rede_max_blue_bb_fraction"": null, ""spectral_rede_blue_penalty_weight"": null, ""spectral_rede_stage_info"": {}, ""fixed_T_bb"": 1500.0, ""fixed_R_bb"": 299195741400.0, ""optimizer_method"": ""L-BFGS-B"", ""optimizer_maxiter"": 1000000, ""optimizer_maxfun"": 1000000, ""optimizer_ftol"": 1e-15, ""optimizer_gtol"": 1e-10, ""mdot_bounds_msun_per_year"": [1e-09, 0.002], ""av_bounds"": [0.1, 40], ""bb_temperature_bounds"": [650, 10000], ""bb_radius_bounds_au"": [0.05, 20], ""spectral_red_min_micron"": 3.3, ""excluded_red_epochs"": [], ""local_solver_max_nfev"": 100000, ""local_solver_ftol"": 1e-14, ""local_solver_gtol"": 1e-14, ""optimizer_nfev"": 90, ""optimizer_nit"": 12, ""optimizer_message"": ""CONVERGENCE: RELATIVE REDUCTION OF F <= FACTR*EPSMCH"", ""bound_expansion_history"": [], ""bound_expansion_objectives"": [1502.6912744555416]}}, {""JD"": [2460565.7374397], ""success"": true, ""info"": {""n_days"": 1, ""n_data_points"": 1167, ""dof"": 1165, ""lambda_reg"": 0, ""required_filters"": [], ""fit_filters"": [], ""photometric_wavelength_source"": ""row Lambda with filter-table fallback"", ""stellar_mass_solar"": 0.5, ""param_names"": [""logMdot"", ""Av""], ""regularize_params"": [""logMdot"", ""Av""], ""data_mode"": ""spectral"", ""evaluate_only"": false, ""uncertainty_method"": ""local weighted model Jacobian, absolute measurement errors; no parameter-error floor"", ""uncertainty_diagnostics"": [{""JD"": 2460565.7374397, ""rank"": 2, ""parameters"": 2, ""condition"": 14.643849884150015}], ""AR_mode"": false, ""AR_method"": null, ""AR_mcmc_chains"": null, ""AR_mcmc_steps"": null, ""AR_mcmc_burn_in"": null, ""AR_mcmc_thin"": null, ""two_filter_direct_solver"": false, ""red_excess_mode"": false, ""red_excess_fit_param"": null, ""spectral_rede_threshold_micron"": null, ""spectral_rede_joint_refine"": null, ""spectral_rede_independent_joint_refine"": null, ""spectral_rede_independent_diagnostics"": null, ""spectral_rede_max_blue_bb_fraction"": null, ""spectral_rede_blue_penalty_weight"": null, ""spectral_rede_stage_info"": {}, ""fixed_T_bb"": 1500.0, ""fixed_R_bb"": 299195741400.0, ""optimizer_method"": ""L-BFGS-B"", ""optimizer_maxiter"": 1000000, ""optimizer_maxfun"": 1000000, ""optimizer_ftol"": 1e-15, ""optimizer_gtol"": 1e-10, ""mdot_bounds_msun_per_year"": [1e-09, 0.002], ""av_bounds"": [0.1, 40], ""bb_temperature_bounds"": [650, 10000], ""bb_radius_bounds_au"": [0.05, 20], ""spectral_red_min_micron"": 3.3, ""excluded_red_epochs"": [], ""local_solver_max_nfev"": 100000, ""local_solver_ftol"": 1e-14, ""local_solver_gtol"": 1e-14, ""optimizer_nfev"": 66, ""optimizer_nit"": 9, ""optimizer_message"": ""CONVERGENCE: RELATIVE REDUCTION OF F <= FACTR*EPSMCH"", ""bound_expansion_history"": [], ""bound_expansion_objectives"": [2182.260429135412]}}, {""JD"": [2460766.1298276], ""success"": true, ""info"": {""n_days"": 1, ""n_data_points"": 1168, ""dof"": 1166, ""lambda_reg"": 0, ""required_filters"": [], ""fit_filters"": [], ""photometric_wavelength_source"": ""row Lambda with filter-table fallback"", ""stellar_mass_solar"": 0.5, ""param_names"": [""logMdot"", ""Av""], ""regularize_params"": [""logMdot"", ""Av""], ""data_mode"": ""spectral"", ""evaluate_only"": false, ""uncertainty_method"": ""local weighted model Jacobian, absolute measurement errors; no parameter-error floor"", ""uncertainty_diagnostics"": [{""JD"": 2460766.1298276, ""rank"": 2, ""parameters"": 2, ""condition"": 14.912451634057826}], ""AR_mode"": false, ""AR_method"": null, ""AR_mcmc_chains"": null, ""AR_mcmc_steps"": null, ""AR_mcmc_burn_in"": null, ""AR_mcmc_thin"": null, ""two_filter_direct_solver"": false, ""red_excess_mode"": false, ""red_excess_fit_param"": null, ""spectral_rede_threshold_micron"": null, ""spectral_rede_joint_refine"": null, ""spectral_rede_independent_joint_refine"": null, ""spectral_rede_independent_diagnostics"": null, ""spectral_rede_max_blue_bb_fraction"": null, ""spectral_rede_blue_penalty_weight"": null, ""spectral_rede_stage_info"": {}, ""fixed_T_bb"": 1500.0, ""fixed_R_bb"": 299195741400.0, ""optimizer_method"": ""L-BFGS-B"", ""optimizer_maxiter"": 1000000, ""optimizer_maxfun"": 1000000, ""optimizer_ftol"": 1e-15, ""optimizer_gtol"": 1e-10, ""mdot_bounds_msun_per_year"": [1e-09, 0.002], ""av_bounds"": [0.1, 40], ""bb_temperature_bounds"": [650, 10000], ""bb_radius_bounds_au"": [0.05, 20], ""spectral_red_min_micron"": 3.3, ""excluded_red_epochs"": [], ""local_solver_max_nfev"": 100000, ""local_solver_ftol"": 1e-14, ""local_solver_gtol"": 1e-14, ""optimizer_nfev"": 60, ""optimizer_nit"": 14, ""optimizer_message"": ""CONVERGENCE: RELATIVE REDUCTION OF F <= FACTR*EPSMCH"", ""bound_expansion_history"": [], ""bound_expansion_objectives"": [754.2844432051218]}}, {""JD"": [2460781.0366671], ""success"": true, ""info"": {""n_days"": 1, ""n_data_points"": 1169, ""dof"": 1167, ""lambda_reg"": 0, ""required_filters"": [], ""fit_filters"": [], ""photometric_wavelength_source"": ""row Lambda with filter-table fallback"", ""stellar_mass_solar"": 0.5, ""param_names"": [""logMdot"", ""Av""], ""regularize_params"": [""logMdot"", ""Av""], ""data_mode"": ""spectral"", ""evaluate_only"": false, ""uncertainty_method"": ""local weighted model Jacobian, absolute measurement errors; no parameter-error floor"", ""uncertainty_diagnostics"": [{""JD"": 2460781.0366671, ""rank"": 2, ""parameters"": 2, ""condition"": 14.897949554556847}], ""AR_mode"": false, ""AR_method"": null, ""AR_mcmc_chains"": null, ""AR_mcmc_steps"": null, ""AR_mcmc_burn_in"": null, ""AR_mcmc_thin"": null, ""two_filter_direct_solver"": false, ""red_excess_mode"": false, ""red_excess_fit_param"": null, ""spectral_rede_threshold_micron"": null, ""spectral_rede_joint_refine"": null, ""spectral_rede_independent_joint_refine"": null, ""spectral_rede_independent_diagnostics"": null, ""spectral_rede_max_blue_bb_fraction"": null, ""spectral_rede_blue_penalty_weight"": null, ""spectral_rede_stage_info"": {}, ""fixed_T_bb"": 1500.0, ""fixed_R_bb"": 299195741400.0, ""optimizer_method"": ""L-BFGS-B"", ""optimizer_maxiter"": 1000000, ""optimizer_maxfun"": 1000000, ""optimizer_ftol"": 1e-15, ""optimizer_gtol"": 1e-10, ""mdot_bounds_msun_per_year"": [1e-09, 0.002], ""av_bounds"": [0.1, 40], ""bb_temperature_bounds"": [650, 10000], ""bb_radius_bounds_au"": [0.05, 20], ""spectral_red_min_micron"": 3.3, ""excluded_red_epochs"": [], ""local_solver_max_nfev"": 100000, ""local_solver_ftol"": 1e-14, ""local_solver_gtol"": 1e-14, ""optimizer_nfev"": 60, ""optimizer_nit"": 14, ""optimizer_message"": ""CONVERGENCE: RELATIVE REDUCTION OF F <= FACTR*EPSMCH"", ""bound_expansion_history"": [], ""bound_expansion_objectives"": [749.2571142401837]}}, {""JD"": [2460847.8498597], ""success"": true, ""info"": {""n_days"": 1, ""n_data_points"": 1168, ""dof"": 1166, ""lambda_reg"": 0, ""required_filters"": [], ""fit_filters"": [], ""photometric_wavelength_source"": ""row Lambda with filter-table fallback"", ""stellar_mass_solar"": 0.5, ""param_names"": [""logMdot"", ""Av""], ""regularize_params"": [""logMdot"", ""Av""], ""data_mode"": ""spectral"", ""evaluate_only"": false, ""uncertainty_method"": ""local weighted model Jacobian, absolute measurement errors; no parameter-error floor"", ""uncertainty_diagnostics"": [{""JD"": 2460847.8498597, ""rank"": 2, ""parameters"": 2, ""condition"": 14.827996070361205}], ""AR_mode"": false, ""AR_method"": null, ""AR_mcmc_chains"": null, ""AR_mcmc_steps"": null, ""AR_mcmc_burn_in"": null, ""AR_mcmc_thin"": null, ""two_filter_direct_solver"": false, ""red_excess_mode"": false, ""red_excess_fit_param"": null, ""spectral_rede_threshold_micron"": null, ""spectral_rede_joint_refine"": null, ""spectral_rede_independent_joint_refine"": null, ""spectral_rede_independent_diagnostics"": null, ""spectral_rede_max_blue_bb_fraction"": null, ""spectral_rede_blue_penalty_weight"": null, ""spectral_rede_stage_info"": {}, ""fixed_T_bb"": 1500.0, ""fixed_R_bb"": 299195741400.0, ""optimizer_method"": ""L-BFGS-B"", ""optimizer_maxiter"": 1000000, ""optimizer_maxfun"": 1000000, ""optimizer_ftol"": 1e-15, ""optimizer_gtol"": 1e-10, ""mdot_bounds_msun_per_year"": [1e-09, 0.002], ""av_bounds"": [0.1, 40], ""bb_temperature_bounds"": [650, 10000], ""bb_radius_bounds_au"": [0.05, 20], ""spectral_red_min_micron"": 3.3, ""excluded_red_epochs"": [], ""local_solver_max_nfev"": 100000, ""local_solver_ftol"": 1e-14, ""local_solver_gtol"": 1e-14, ""optimizer_nfev"": 63, ""optimizer_nit"": 12, ""optimizer_message"": ""CONVERGENCE: RELATIVE REDUCTION OF F <= FACTR*EPSMCH"", ""bound_expansion_history"": [], ""bound_expansion_objectives"": [1288.5573907977473]}}, {""JD"": [2460861.8192732], ""success"": true, ""info"": {""n_days"": 1, ""n_data_points"": 1168, ""dof"": 1166, ""lambda_reg"": 0, ""required_filters"": [], ""fit_filters"": [], ""photometric_wavelength_source"": ""row Lambda with filter-table fallback"", ""stellar_mass_solar"": 0.5, ""param_names"": [""logMdot"", ""Av""], ""regularize_params"": [""logMdot"", ""Av""], ""data_mode"": ""spectral"", ""evaluate_only"": false, ""uncertainty_method"": ""local weighted model Jacobian, absolute measurement errors; no parameter-error floor"", ""uncertainty_diagnostics"": [{""JD"": 2460861.8192732, ""rank"": 2, ""parameters"": 2, ""condition"": 14.742972516884898}], ""AR_mode"": false, ""AR_method"": null, ""AR_mcmc_chains"": null, ""AR_mcmc_steps"": null, ""AR_mcmc_burn_in"": null, ""AR_mcmc_thin"": null, ""two_filter_direct_solver"": false, ""red_excess_mode"": false, ""red_excess_fit_param"": null, ""spectral_rede_threshold_micron"": null, ""spectral_rede_joint_refine"": null, ""spectral_rede_independent_joint_refine"": null, ""spectral_rede_independent_diagnostics"": null, ""spectral_rede_max_blue_bb_fraction"": null, ""spectral_rede_blue_penalty_weight"": null, ""spectral_rede_stage_info"": {}, ""fixed_T_bb"": 1500.0, ""fixed_R_bb"": 299195741400.0, ""optimizer_method"": ""L-BFGS-B"", ""optimizer_maxiter"": 1000000, ""optimizer_maxfun"": 1000000, ""optimizer_ftol"": 1e-15, ""optimizer_gtol"": 1e-10, ""mdot_bounds_msun_per_year"": [1e-09, 0.002], ""av_bounds"": [0.1, 40], ""bb_temperature_bounds"": [650, 10000], ""bb_radius_bounds_au"": [0.05, 20], ""spectral_red_min_micron"": 3.3, ""excluded_red_epochs"": [], ""local_solver_max_nfev"": 100000, ""local_solver_ftol"": 1e-14, ""local_solver_gtol"": 1e-14, ""optimizer_nfev"": 114, ""optimizer_nit"": 10, ""optimizer_message"": ""CONVERGENCE: RELATIVE REDUCTION OF F <= FACTR*EPSMCH"", ""bound_expansion_history"": [], ""bound_expansion_objectives"": [1361.257032785925]}}, {""JD"": [2461225.8110455], ""success"": true, ""info"": {""n_days"": 1, ""n_data_points"": 1168, ""dof"": 1166, ""lambda_reg"": 0, ""required_filters"": [], ""fit_filters"": [], ""photometric_wavelength_source"": ""row Lambda with filter-table fallback"", ""stellar_mass_solar"": 0.5, ""param_names"": [""logMdot"", ""Av""], ""regularize_params"": [""logMdot"", ""Av""], ""data_mode"": ""spectral"", ""evaluate_only"": false, ""uncertainty_method"": ""local weighted model Jacobian, absolute measurement errors; no parameter-error floor"", ""uncertainty_diagnostics"": [{""JD"": 2461225.8110455, ""rank"": 2, ""parameters"": 2, ""condition"": 14.92066017995233}], ""AR_mode"": false, ""AR_method"": null, ""AR_mcmc_chains"": null, ""AR_mcmc_steps"": null, ""AR_mcmc_burn_in"": null, ""AR_mcmc_thin"": null, ""two_filter_direct_solver"": false, ""red_excess_mode"": false, ""red_excess_fit_param"": null, ""spectral_rede_threshold_micron"": null, ""spectral_rede_joint_refine"": null, ""spectral_rede_independent_joint_refine"": null, ""spectral_rede_independent_diagnostics"": null, ""spectral_rede_max_blue_bb_fraction"": null, ""spectral_rede_blue_penalty_weight"": null, ""spectral_rede_stage_info"": {}, ""fixed_T_bb"": 1500.0, ""fixed_R_bb"": 299195741400.0, ""optimizer_method"": ""L-BFGS-B"", ""optimizer_maxiter"": 1000000, ""optimizer_maxfun"": 1000000, ""optimizer_ftol"": 1e-15, ""optimizer_gtol"": 1e-10, ""mdot_bounds_msun_per_year"": [1e-09, 0.002], ""av_bounds"": [0.1, 40], ""bb_temperature_bounds"": [650, 10000], ""bb_radius_bounds_au"": [0.05, 20], ""spectral_red_min_micron"": 3.3, ""excluded_red_epochs"": [], ""local_solver_max_nfev"": 100000, ""local_solver_ftol"": 1e-14, ""local_solver_gtol"": 1e-14, ""optimizer_nfev"": 78, ""optimizer_nit"": 16, ""optimizer_message"": ""CONVERGENCE: RELATIVE REDUCTION OF F <= FACTR*EPSMCH"", ""bound_expansion_history"": [], ""bound_expansion_objectives"": [2461.1046368271373]}}], ""final_round_input_sha256"": ""aedbc505187fd7437411af049c5eff6d252b7d5831b03a70a6d23fcddf001335""}}, {""JD"": [2457209.599, 2460364.85, 2460594.478], ""success"": true, ""info"": {""n_days"": 3, ""n_data_points"": 276, ""dof"": 270, ""lambda_reg"": 0, ""required_filters"": [], ""fit_filters"": [], ""photometric_wavelength_source"": ""row Lambda with filter-table fallback"", ""stellar_mass_solar"": 0.5, ""param_names"": [""logMdot"", ""Av""], ""regularize_params"": [""logMdot"", ""Av""], ""data_mode"": ""spectral"", ""evaluate_only"": false, ""uncertainty_method"": ""local weighted model Jacobian, absolute measurement errors; no parameter-error floor"", ""uncertainty_diagnostics"": [{""JD"": 2457209.599, ""rank"": 2, ""parameters"": 2, ""condition"": 14.135422095803989}], ""AR_mode"": false, ""AR_method"": null, ""AR_mcmc_chains"": null, ""AR_mcmc_steps"": null, ""AR_mcmc_burn_in"": null, ""AR_mcmc_thin"": null, ""two_filter_direct_solver"": false, ""red_excess_mode"": false, ""red_excess_fit_param"": null, ""spectral_rede_threshold_micron"": null, ""spectral_rede_joint_refine"": null, ""spectral_rede_independent_joint_refine"": null, ""spectral_rede_independent_diagnostics"": [], ""spectral_rede_max_blue_bb_fraction"": null, ""spectral_rede_blue_penalty_weight"": null, ""spectral_rede_stage_info"": {}, ""fixed_T_bb"": 1500.0, ""fixed_R_bb"": 299195741400.0, ""optimizer_method"": ""L-BFGS-B"", ""optimizer_maxiter"": 1000000, ""optimizer_maxfun"": 1000000, ""optimizer_ftol"": 1e-15, ""optimizer_gtol"": 1e-10, ""mdot_bounds_msun_per_year"": [1e-09, 0.002], ""av_bounds"": [0.1, 40], ""bb_temperature_bounds"": [650, 10000], ""bb_radius_bounds_au"": [0.05, 20], ""spectral_red_min_micron"": 3.3, ""excluded_red_epochs"": [], ""local_solver_max_nfev"": 100000, ""local_solver_ftol"": 1e-14, ""local_solver_gtol"": 1e-14, ""optimizer_nfev"": 315, ""optimizer_nit"": 18, ""optimizer_message"": ""CONVERGENCE: RELATIVE REDUCTION OF F <= FACTR*EPSMCH"", ""bound_expansion_history"": [], ""bound_expansion_objectives"": [34.453239239810834], ""independent_epoch_fits"": true, ""epoch_diagnostics"": [{""JD"": [2457209.599], ""success"": true, ""info"": {""n_days"": 1, ""n_data_points"": 92, ""dof"": 90, ""lambda_reg"": 0, ""required_filters"": [], ""fit_filters"": [], ""photometric_wavelength_source"": ""row Lambda with filter-table fallback"", ""stellar_mass_solar"": 0.5, ""param_names"": [""logMdot"", ""Av""], ""regularize_params"": [""logMdot"", ""Av""], ""data_mode"": ""spectral"", ""evaluate_only"": false, ""uncertainty_method"": ""local weighted model Jacobian, absolute measurement errors; no parameter-error floor"", ""uncertainty_diagnostics"": [{""JD"": 2457209.599, ""rank"": 2, ""parameters"": 2, ""condition"": 14.135422095803989}], ""AR_mode"": false, ""AR_method"": null, ""AR_mcmc_chains"": null, ""AR_mcmc_steps"": null, ""AR_mcmc_burn_in"": null, ""AR_mcmc_thin"": null, ""two_filter_direct_solver"": false, ""red_excess_mode"": false, ""red_excess_fit_param"": null, ""spectral_rede_threshold_micron"": null, ""spectral_rede_joint_refine"": null, ""spectral_rede_independent_joint_refine"": null, ""spectral_rede_independent_diagnostics"": null, ""spectral_rede_max_blue_bb_fraction"": null, ""spectral_rede_blue_penalty_weight"": null, ""spectral_rede_stage_info"": {}, ""fixed_T_bb"": 1500.0, ""fixed_R_bb"": 299195741400.0, ""optimizer_method"": ""L-BFGS-B"", ""optimizer_maxiter"": 1000000, ""optimizer_maxfun"": 1000000, ""optimizer_ftol"": 1e-15, ""optimizer_gtol"": 1e-10, ""mdot_bounds_msun_per_year"": [1e-09, 0.002], ""av_bounds"": [0.1, 40], ""bb_temperature_bounds"": [650, 10000], ""bb_radius_bounds_au"": [0.05, 20], ""spectral_red_min_micron"": 3.3, ""excluded_red_epochs"": [], ""local_solver_max_nfev"": 100000, ""local_solver_ftol"": 1e-14, ""local_solver_gtol"": 1e-14, ""optimizer_nfev"": 186, ""optimizer_nit"": 18, ""optimizer_message"": ""CONVERGENCE: RELATIVE REDUCTION OF F <= FACTR*EPSMCH"", ""bound_expansion_history"": [], ""bound_expansion_objectives"": [34.453239239810834]}}, {""JD"": [2460364.85], ""success"": true, ""info"": {""n_days"": 1, ""n_data_points"": 92, ""dof"": 90, ""lambda_reg"": 0, ""required_filters"": [], ""fit_filters"": [], ""photometric_wavelength_source"": ""row Lambda with filter-table fallback"", ""stellar_mass_solar"": 0.5, ""param_names"": [""logMdot"", ""Av""], ""regularize_params"": [""logMdot"", ""Av""], ""data_mode"": ""spectral"", ""evaluate_only"": false, ""uncertainty_method"": ""local weighted model Jacobian, absolute measurement errors; no parameter-error floor"", ""uncertainty_diagnostics"": [{""JD"": 2460364.85, ""rank"": 2, ""parameters"": 2, ""condition"": 10.497355725372621}], ""AR_mode"": false, ""AR_method"": null, ""AR_mcmc_chains"": null, ""AR_mcmc_steps"": null, ""AR_mcmc_burn_in"": null, ""AR_mcmc_thin"": null, ""two_filter_direct_solver"": false, ""red_excess_mode"": false, ""red_excess_fit_param"": null, ""spectral_rede_threshold_micron"": null, ""spectral_rede_joint_refine"": null, ""spectral_rede_independent_joint_refine"": null, ""spectral_rede_independent_diagnostics"": null, ""spectral_rede_max_blue_bb_fraction"": null, ""spectral_rede_blue_penalty_weight"": null, ""spectral_rede_stage_info"": {}, ""fixed_T_bb"": 1500.0, ""fixed_R_bb"": 299195741400.0, ""optimizer_method"": ""L-BFGS-B"", ""optimizer_maxiter"": 1000000, ""optimizer_maxfun"": 1000000, ""optimizer_ftol"": 1e-15, ""optimizer_gtol"": 1e-10, ""mdot_bounds_msun_per_year"": [1e-09, 0.002], ""av_bounds"": [0.1, 40], ""bb_temperature_bounds"": [650, 10000], ""bb_radius_bounds_au"": [0.05, 20], ""spectral_red_min_micron"": 3.3, ""excluded_red_epochs"": [], ""local_solver_max_nfev"": 100000, ""local_solver_ftol"": 1e-14, ""local_solver_gtol"": 1e-14, ""optimizer_nfev"": 66, ""optimizer_nit"": 11, ""optimizer_message"": ""CONVERGENCE: RELATIVE REDUCTION OF F <= FACTR*EPSMCH"", ""bound_expansion_history"": [], ""bound_expansion_objectives"": [18.83028644279976]}}, {""JD"": [2460594.478], ""success"": true, ""info"": {""n_days"": 1, ""n_data_points"": 92, ""dof"": 90, ""lambda_reg"": 0, ""required_filters"": [], ""fit_filters"": [], ""photometric_wavelength_source"": ""row Lambda with filter-table fallback"", ""stellar_mass_solar"": 0.5, ""param_names"": [""logMdot"", ""Av""], ""regularize_params"": [""logMdot"", ""Av""], ""data_mode"": ""spectral"", ""evaluate_only"": false, ""uncertainty_method"": ""local weighted model Jacobian, absolute measurement errors; no parameter-error floor"", ""uncertainty_diagnostics"": [{""JD"": 2460594.478, ""rank"": 2, ""parameters"": 2, ""condition"": 10.657140820017165}], ""AR_mode"": false, ""AR_method"": null, ""AR_mcmc_chains"": null, ""AR_mcmc_steps"": null, ""AR_mcmc_burn_in"": null, ""AR_mcmc_thin"": null, ""two_filter_direct_solver"": false, ""red_excess_mode"": false, ""red_excess_fit_param"": null, ""spectral_rede_threshold_micron"": null, ""spectral_rede_joint_refine"": null, ""spectral_rede_independent_joint_refine"": null, ""spectral_rede_independent_diagnostics"": null, ""spectral_rede_max_blue_bb_fraction"": null, ""spectral_rede_blue_penalty_weight"": null, ""spectral_rede_stage_info"": {}, ""fixed_T_bb"": 1500.0, ""fixed_R_bb"": 299195741400.0, ""optimizer_method"": ""L-BFGS-B"", ""optimizer_maxiter"": 1000000, ""optimizer_maxfun"": 1000000, ""optimizer_ftol"": 1e-15, ""optimizer_gtol"": 1e-10, ""mdot_bounds_msun_per_year"": [1e-09, 0.002], ""av_bounds"": [0.1, 40], ""bb_temperature_bounds"": [650, 10000], ""bb_radius_bounds_au"": [0.05, 20], ""spectral_red_min_micron"": 3.3, ""excluded_red_epochs"": [], ""local_solver_max_nfev"": 100000, ""local_solver_ftol"": 1e-14, ""local_solver_gtol"": 1e-14, ""optimizer_nfev"": 63, ""optimizer_nit"": 12, ""optimizer_message"": ""CONVERGENCE: RELATIVE REDUCTION OF F <= FACTR*EPSMCH"", ""bound_expansion_history"": [], ""bound_expansion_objectives"": [19.743238773150058]}}], ""final_round_input_sha256"": ""aedbc505187fd7437411af049c5eff6d252b7d5831b03a70a6d23fcddf001335""}}]"
final_round_input_sha256,aedbc505187fd7437411af049c5eff6d252b7d5831b03a70a6d23fcddf001335
combined_sources,IRTF/SpeX JH + calibrated XSHOOTER JH
success,True
chi_squared,14981.224414886667
reduced_chi_squared,1.5574617335364036
regularization_term,0.0
total_objective,14981.224414886667
